URI;Title;Year;Album;Popularity;Duration;Key;Mode;Tempo;Time_signature;Valence;Danceability;Energy;Loudness;Acousticness;Instrumentalness;Liveness;Speechiness;Album debut;Other releases;Single A side;Single B side;Single certification;Genre;Styles;Themes
spotify:track:2FDEHIMkjxFLzj688M2I3h;(You're So Square) Baby I Don't Care - Studio Jam;;The Beatles;29.0;43.0;9.0;1.0;112.173;4.0;353;411;0.84;-9.919;0.0991;0.0;364;0.0896;;;;;;;;
spotify:track:2HvTGx5fzFGpHSyRNvXd9T;12-bar Original;1965;Anthology 2;31.0;175.0;9.0;1.0;122.678;4.0;566;0.6;535;-8.178;0.00154;102;123;0.0298;Anthology 2;;;;;Blues;;
spotify:track:34dsKRJHIadrrNdCDtMwGn;A Beginning - Anthology 3 Version;;Anthology 3;29.0;50.0;0.0;1.0;90.588;3.0;33;264;293;-16.498;958;942;338;0.0377;;;;;;;
spotify:track:0hKRSZhUGEhKU6aNSPBACZ;A Day in the Life;1967;Sgt. Pepper's Lonely Hearts Club Band;65.0;335.0;4.0;0.0;163.219;4.0;175;364;457;-14.162;0.29;0.000106;922;0.0675;Sgt. Pepper's Lonely Hearts Club Band;12.0;Sgt. Pepper's Lonely Hearts Club Band / With a Little Help from My Friends;A Day in the Life;;Psychedelic Rock, Art Rock, Pop/Rock;British Psychedelia, Contemporary Pop/Rock, Early Pop/Rock, Prog-Rock, Psychedelic/Garage;; 
spotify:track:5J2CHimS7dWYMImCHkEFaJ;A Hard Day's Night;1964;A Hard Day's Night;71.0;152.0;0.0;1.0;138.514;4.0;797;0.59;805;-6.481;137;0.0;0.0996;0.0371;UK: A Hard Day's Night US: 1962-1966;35.0;A Hard Day's Night; A Hard Day's Night;Things We Said Today; I Should Have Known Better;RIAA Gold;Rock, Electronic, Pop/Rock;British Invasion, Contemporary Pop/Rock, Early Pop/Rock, Merseybeat, Rock & Roll, Adult Contemporary, Alternative/Indie Rock, Britpop, Club/Dance;Everyday Life, In Love, Relationships
spotify:track:5RuE7nwp4TWsRvLXG7Yjy1;A Shot of Rhythm and Blues;1963;Live at the BBC;35.0;136.0;2.0;1.0;128.919;4.0;968;699;752;-9.565;879;0.000237;265;0.0354;Live at the BBC;;;;;R&B, Pop/Rock;British Invasion, Merseybeat, Contemporary Pop/Rock, Early Pop/Rock;Celebration, Hanging Out, Partying
spotify:track:7fh53ta3vAOGJMQ4i5tCHe;A Taste of Honey;1963;Please Please Me;51.0;163.0;1.0;0.0;101.408;3.0;412;0.42;372;-11.416;698;0.0;104;0.0327;UK: Please Please Me US: The Early Beatles;29.0;;;;Pop/Rock, Jazz, Stage&Screen;British Invasion, Early Pop/Rock, Merseybeat, Contemporary Pop/Rock, Cast Recordings, Show Tunes;Affection/Fondness
spotify:track:4dkoqJrP0L8FXftrMZongF;Across the Universe;1968;Let It Be;69.0;230.0;1.0;1.0;152.126;4.0;858;257;412;-11.788;361;8.68e-05;0.0702;0.0287;Let It Be;19.0;;;;Psychedelic folk, Pop/Rock;Album Rock, British Psychedelia, Contemporary Pop/Rock, Early Pop/Rock, Psychedelic/Garage, Singer/Songwriter;Introspection, Awareness, In Love, Nature, Religion
spotify:track:00fyPXxe2SCBHnFwEO9Eh1;Across the Universe - Take 2 / Anthology 2 Version;;Anthology 2;35.0;212.0;2.0;1.0;79.377;4.0;463;488;341;-11.907;681;0.0;0.0844;0.0256;;;;;;;;
spotify:track:0IxxqsYBcCHEQ1HqLYJnwx;Act Naturally;1965;Help!;52.0;139.0;7.0;1.0;93.02;4.0;944;702;447;-10.122;366;0.0;153;0.0308;UK: Help! US: Yesterday and Today;14.0;Yesterday;Act Naturally;RIAA Gold;Country, Pop/Rock;British Invasion, Contemporary Pop/Rock, Early Pop/Rock, Rock & Roll, Country-Rock, Bakersfield Sound;Hanging Out, Playful
spotify:track:3OUpVpFeNx5jeInhHqiNfs;Ain't She Sweet;1961;Anthology 1;38.0;133.0;4.0;1.0;77.967;4.0;819;495;854;-5.699;208;0.0;0.0371;0.0434;Anthology 1;9.0;;;;Pop/Rock;British Invasion, Rock & Roll;Affection/Fondness, Day Driving, In Love, New Love, Playful, Hanging Out
spotify:track:5tztLBvTlNC15Np2tnQ5Ll;All I've Got to Do;1963;With the Beatles;55.0;124.0;1.0;0.0;119.403;4.0;879;0.49;579;-10.301;217;0.0;0.0644;0.0344;UK: With the Beatles US: Meet The Beatles!;9.0;;;;Pop/Rock;British Invasion, Contemporary Pop/Rock, Early Pop/Rock, Merseybeat, Rock & Roll;
spotify:track:4joiWvli4qJVEW6qZV2i2J;All My Loving;1963;With the Beatles;73.0;124.0;1.0;0.0;77.56;4.0;0.9;416;563;-8.724;207;0.0;343;0.0298;UK: With the Beatles US: Meet The Beatles!;32.0;All My Loving;This Boy;;Pop/Rock;British Invasion, Contemporary Pop/Rock, Early Pop/Rock, Merseybeat, Rock & Roll;Day Driving, In Love, New Love, Partying, Road Trip, Summer, TGIF, Affection/Fondness
spotify:track:25RYJGPnetSkV8le7TeJnR;All Things Must Pass;1969;Anthology 3;35.0;185.0;9.0;1.0;93.232;3.0;0.61;492;231;-13.476;972;6.16e-06;229;0.0368;Anthology 3;;;;;Folk Rock, Pop/Rock;Album Rock, Contemporary Pop/Rock, Singer/Songwriter, Soft Rock;Autumn, Breakup, Comfort, Feeling Blue, Heartache, Introspection, Late Night, Rainy Day, Reflection, Regret, Reminiscing, Solitude
spotify:track:2ck8lFrYAch2GPtdhpTHe3;All Together Now;1967;Yellow Submarine;45.0;130.0;2.0;1.0;95.937;4.0;778;587;431;-9.495;0.0722;0.0;561;0.0686;Yellow Submarine;8.0;All Together Now;Hey Bulldog;;Skiffle, Pop/Rock;Contemporary Pop/Rock, British Psychedelia, Psychedelic/Garage;Birthday, Family Gatherings, Playful
spotify:track:68BTFws92cRztMS1oQ7Ewj;All You Need Is Love;1967;Magical Mystery Tour;68.0;237.0;7.0;1.0;103.436;4.0;653;0.4;0.48;-7.768;346;3.1e-05;155;0.0295;Magical Mystery Tour;25.0;All You Need Is Love;Baby, You're a Rich Man;RIAA Gold;Pop/Rock;Contemporary Pop/Rock, British Psychedelia, Psychedelic/Garage;Affection/Fondness, Affirmation, In Love
spotify:track:65vdMBskhx3akkG9vQlSH1;And I Love Her;1964;A Hard Day's Night;74.0;152.0;1.0;0.0;113.312;4.0;636;767;331;-10.777;0.64;0.0;0.0681;0.0337;UK: A Hard Day's Night US: Something New;29.0;And I Love Her;If I Fell;;Pop/Rock;British Invasion. Contemporary Pop/Rock, Early Pop/Rock, Merseybeat, Adult Contemporary, Alternative/Indie Rock, Britpop;New Love, In Love, Relationships
spotify:track:4KRgqwb4kvBuTz1utbYxfb;And Your Bird Can Sing;1966;Revolver;58.0;121.0;4.0;1.0;132.59;4.0;966;555;0.65;-6.936;0.0067;0.0491;236;0.0282;UK: Revolver US: Yesterday and Today;9.0;;;;Power Pop, Psychedelic Pop, Pop/Rock;British Invasion, British Psychedelia, Contemporary Pop/Rock, Early Pop/Rock, Psychedelic/Garage, Rock & Roll;
spotify:track:2baEFuU0gQon0hgVRioI1o;Anna (Go to Him);1963;Please Please Me;58.0;168.0;2.0;1.0;109.286;4.0;835;608;565;-11.06;635;0.0;0.0601;0.0336;UK: Please Please Me US: The Early Beatles;16.0;;;;Soul, Pop/Rock;British Invasion, Early Pop/Rock, Merseybeat, Contemporary Pop/Rock, Rock & Roll;Breakup, Feeling Blue, Heartache, Regret
spotify:track:7hefVXaGsFPesbK6fKwS6F;Another Girl;1965;Help!;52.0;124.0;9.0;1.0;88.657;4.0;822;516;638;-7.453;238;0.0;333;0.0314;Help!;9.0;;;;Country Rock, Pop/Rock;British Invasion, Contemporary Pop/Rock, Early Pop/Rock, Rock & Roll;Breakup, New Love
spotify:track:70XHAdaMaoLIOVb1hSaeJ4;Any Time at All;1964;A Hard Day's Night;52.0;133.0;2.0;1.0;141.016;4.0;744;612;719;-7.026;366;3.88e-06;437;0.0398;UK: A Hard Day's Night US: Something New;15.0;;;;Pop/Rock;British Invasion, Contemporary Pop/Rock, Early Pop/Rock, Merseybeat, Rock & Roll, Adult Contemporary, Alternative/Indie Rock, Britpop;Awareness, In Love, Yearning
spotify:track:7529Z6b1rlGZFFPWjHPeV5;Ask Me Why;1962;Please Please Me;52.0;144.0;4.0;1.0;133.942;4.0;597;605;394;-11.33;767;0.0;0.0967;0.0378;UK: Please Please Me US: The Early Beatles;24.0;Please Please Me;Ask Me Why;;Pop/Rock;British Invasion, Early Pop/Rock, Merseybeat, Contemporary Pop/Rock, Rock & Roll;Affection/Fondness, In Love
spotify:track:2VmB1rF9FtfKUmFHDVnq8Q;Baby It's You;1963;Please Please Me;56.0;162.0;4.0;0.0;112.421;4.0;879;608;494;-12.211;778;0.0;0.0926;0.0345;UK: Please Please Me US: The Early Beatles;17.0;;;;Pop/Rock;British Invasion, Early Pop/Rock, Merseybeat, Contemporary Pop/Rock, Rock & Roll;Affection/Fondness, In Love
spotify:track:7cb2SdLm1UMLwdUoWwrZN1;Baby's in Black;1964;Beatles for Sale;48.0;122.0;9.0;1.0;202.97;3.0;876;374;596;-7.666;434;0.0;98;0.0416;UK: Beatles for Sale US: Beatles '65;20.0;Real Love;Baby's in Black;RIAA Gold;Folk Rock, Pop/Rock;British Invasion, Contemporary Pop/Rock, Early Pop/Rock, Rock & Roll, Country-Rock;Heartache, Introspection, Jealousy, Loss/Grief, Feeling Blue
spotify:track:0JBvtprXP2Z0LP3jmzA7Xp;Baby, You're a Rich Man;1967;Magical Mystery Tour;55.0;183.0;7.0;1.0;96.751;4.0;467;619;625;-9.635;0.0119;1.05e-06;152;36;Magical Mystery Tour;10.0;All You Need Is Love;Baby, You're a Rich Man;RIAA Gold;Psychedelic Pop, Psychedelic Rock, Pop/Rock;British Psychedelia, Contemporary Pop/Rock, Early Pop/Rock, Psychedelic/Garage;
spotify:track:0j3p1p06deJ7f9xmJ9yG22;Back in the U.S.S.R.;1968;The Beatles;65.0;163.0;9.0;1.0;142.489;4.0;494;0.48;969;-7.464;69;0.00022;0.0608;0.0854;The Beatles;13.0;Back in the U.S.S.R.;Twist and Shout;;Rock and Roll, Hard Rock, Pop/Rock;Contemporary Pop/Rock, Hard Rock, Rock & Roll, Early Pop/Rock, Album Rock;Playful, At the Beach, Partying, Road Trip, Vacation
spotify:track:7iTjGs5z7opNGCXyurs0Q7;Bad Boy;1965;Past Masters (Vols. 1 & 2 / Remastered);40.0;141.0;0.0;1.0;134.64;4.0;878;549;725;-8.512;199;0.0;178;0.0431;UK: A Collection of Beatles Oldies US: Beatles VI;;;;;R&B;British Invasion, Contemporary Pop/Rock, Early Pop/Rock, Merseybeat, Rock & Roll;Cool & Cocky
spotify:track:6N6He3Wk0q2O0f2LRLrbil;Beautiful Dreamer;1963;On Air – Live at the BBC Volume 2;25.0;106.0;2.0;1.0;169.334;4.0;0.81;0.44;765;-8.699;0.84;166;0.2;0.0855;On Air – Live at the BBC Volume 2;;;;;Pop/Rock;;
spotify:track:1rxoyGj1QuPoVi8fOft1Kt;Because;1969;Abbey Road;60.0;165.0;2.0;1.0;81.257;4.0;162;328;249;-11.777;754;5.77e-06;134;0.0272;Abbey Road;11.0;;;;Pop/Rock;Contemporary Pop/Rock, Early Pop/Rock, Prog-Rock, British Psychedelia, Psychedelic/Garage, Album Rock;
spotify:track:6W35n1UlkvqhfMZstB4BXs;Being for the Benefit of Mr. Kite!;1967;Sgt. Pepper's Lonely Hearts Club Band;54.0;157.0;0.0;1.0;111.874;4.0;0.71;526;413;-9.865;338;0.0;0.0992;0.0446;Sgt. Pepper's Lonely Hearts Club Band;7.0;;;;Experimental Rock, Psychedelic Rock, Circus, Pop/Rock;British Psychedelia, Psychedelic/Garage, Contemporary Pop/Rock, Early Pop/Rock;
spotify:track:2Qgak11t9BJHwkicG0WJQE;Besame Mucho;;Anthology 1;45.0;157.0;11.0;0.0;76.146;4.0;811;436;567;-6.446;539;0.0;296;0.0635;;;;;;;;
spotify:track:1ABegtCPBMMJaMpfDyATjE;Birthday;1968;The Beatles;57.0;162.0;2.0;1.0;139.239;4.0;0.91;541;727;-7.509;7.37e-05;717;232;0.0384;The Beatles;11.0;;;;Hard Rock, Rock and Roll, Pop/Rock;Contemporary Pop/Rock, Early Pop/Rock, Hard Rock, Rock & Roll, Album Rock;Birthday, Partying
spotify:track:5jgFfDIR6FR0gvlA56Nakr;Blackbird;1968;The Beatles;79.0;139.0;7.0;1.0;93.699;4.0;372;686;127;-14.361;754;1.41e-05;0.0573;0.0342;The Beatles;12.0;;;;Folk, Pop/Rock;Contemporary Pop/Rock, Early Pop/Rock, Folk-Rock, Psychedelic/Garage, Singer/Songwriter;Freedom
spotify:track:0QIX9BS0AUCQcHYvyrsMkV;Blue Jay Way;1967;Magical Mystery Tour;53.0;235.0;0.0;1.0;101.052;4.0;0.0378;294;407;-11.575;0.0258;0.000219;0.0852;0.0308;Magical Mystery Tour;13.0;;;;Psychedelic Rock, Pop/Rock;British Psychedelia, Contemporary Pop/Rock, Early Pop/Rock, Psychedelic/Garage;
spotify:track:7JxGM1R32ZqfwZou3VtnTg;Boys;1963;Please Please Me;51.0;144.0;4.0;1.0;142.445;4.0;822;402;0.86;-10.31;607;0.0;736;0.0504;UK: Please Please Me US: The Early Beatles;21.0;Boys;Kansas City/Hey, Hey, Hey, Hey;;Rock and Roll, Pop/Rock;British Invasion, Contemporary Pop/Rock, Early Pop/Rock, Merseybeat, Rock & Roll;Partying, Summer, TGIF
spotify:track:5D6TY2nkWmC0fijXKuYQrm;Can You Take Me Back? - Take 1;;The Beatles;30.0;142.0;5.0;1.0;79.355;4.0;746;728;276;-13.381;682;0.0;154;0.0539;;;;;;;;
spotify:track:3SdingSsFcZDZAyvcJbgAw;Can't Buy Me Love;1964;A Hard Day's Night;70.0;131.0;0.0;1.0;170.72;4.0;842;483;677;-5.91;283;0.0;321;0.0593;UK: A Hard Day's Night US: Hey Jude;42.0;Can't Buy Me Love;You Can't Do That;RIAA Gold;Pop/Rock;British Invasion, Contemporary Pop/Rock, Early Pop/Rock, Merseybeat, Rock & Roll, Adult Contemporary, Alternative/Indie Rock, Britpop;Awareness, In Love, Passion, Romance
spotify:track:2CkSHHcBZQXxg90xAcUkhn;Carol;1963;Live at the BBC;28.0;156.0;9.0;1.0;155.616;4.0;979;484;706;-11.505;311;6.55e-06;0.0839;0.0352;Live at the BBC;;;;;Rock and Roll, Pop/Rock;British Invasion, Merseybeat, Contemporary Pop/Rock, Early Pop/Rock;Day Driving, Freedom, Hanging Out
spotify:track:5eZrW59C3UgBhkqNlowEID;Carry That Weight;1969;Abbey Road;62.0;96.0;0.0;1.0;84.319;4.0;704;543;458;-8.976;226;0.00663;298;0.0274;Abbey Road;5.0;;;;Symphonic Rock, Pop/Rock;Album Rock, Contemporary Pop/Rock, Early Pop/Rock, Prog-Rock;
spotify:track:2VXAlfWBNhdiMEVUTGzGOb;Cayenne;1960;Anthology 1;31.0;74.0;3.0;0.0;143.696;4.0;0.74;475;548;-8.583;974;895;262;0.0311;Anthology 1;;;;;Instrumental Rock, Pop/Rock;Early Pop/Rock;
spotify:track:3JQWLa88R35d971o5bIImd;Chains;1963;Please Please Me;50.0;143.0;10.0;1.0;129.884;4.0;929;654;561;-10.551;608;0.0;129;0.0304;UK: Please Please Me US: The Early Beatles;18.0;;;;Rock and Roll, Pop/Rock;British Invasion, Contemporary Pop/Rock, Early Pop/Rock, Merseybeat, Rock & Roll;Affection/Fondness
spotify:track:49GqhxyTdBXAn4cB8EAbTo;Circles - Esher Demo;1968;The Beatles;30.0;137.0;8.0;1.0;101.504;3.0;121;267;132;-11.61;351;1.52e-05;0.1;0.0378;;;;;;Hindustani Blues, Pop/Rock;Prog-Rock, British Psychedelia;
spotify:track:569Uf7t8MiSwnHgjk1yrLF;Clarabella;1963;Live at the BBC;27.0;160.0;7.0;1.0;132.094;4.0;883;521;0.63;-11.097;0.61;0.0;597;0.0729;Live at the BBC;;;;;Pop/Rock;British Invasion, Merseybeat, Contemporary Pop/Rock, Early Pop/Rock;Affection/Fondness, Guys Night Out, Sex
spotify:track:2EqlS6tkEnglzr7tkKAAYD;Come Together;1969;Abbey Road;81.0;258.0;9.0;0.0;165.007;4.0;187;533;376;-11.913;0.0302;248;0.0926;0.0393;Abbey Road;17.0;Something;Come Together;RIAA 2xPlatinum;Blues Rock, Pop/Rock;Album Rock, Contemporary Pop/Rock, Early Pop/Rock, Hard Rock, Rock & Roll;
spotify:track:5i20MCj9bBNGeFUcN1xTk0;Come and Get It;1969;Anthology 3;33.0;150.0;4.0;1.0;89.166;4.0;545;603;536;-7.934;0.00186;0.000503;129;0.0273;Anthology 3;;;;;Power Pop, Pop/Rock;AM Pop, Contemporary Pop/Rock, Soft Rock;Day Driving, Hanging Out, Playful, Summer, TGIF
spotify:track:5XmetMMUFNXClbiYnGdVmP;Cry Baby Cry;1968;The Beatles;52.0;183.0;9.0;0.0;76.644;4.0;362;517;529;-11.851;115;0.00396;174;0.0323;The Beatles;10.0;;;;Pop/Rock;Contemporary Pop/Rock, Early Pop/Rock, Album Rock, British Psychedelia, Psychedelic/Garage;
spotify:track:2XWLSham4kXI9ZSo75E4Rj;Cry for a Shadow;1961;Anthology 1;34.0;142.0;0.0;1.0;143.809;4.0;864;514;834;-7.382;545;0.000154;162;34;Anthology 1;;;;;Instrumental Rock, Pop/Rock;British Invasion, Rock & Roll;Affection/Fondness, Day Driving, In Love, New Love, Playful, Hanging Out
spotify:track:3L3fx4XnKCnZCaU3zQxBC1;Crying, Waiting, Hoping;1963;Live at the BBC;30.0;131.0;9.0;1.0;133.613;4.0;895;647;312;-14.55;689;0.0;0.1;0.0358;Live at the BBC;;;;;Rock and Roll, Pop/Rock;British Invasion, Merseybeat, Contemporary Pop/Rock, Early Pop/Rock;Affection/Fondness, Feeling Blue, Reflection
spotify:track:7qbRP2jO0Sq3kTYdEW1v00;Day Tripper;1965;Past Masters (Vols. 1 & 2 / Remastered);44.0;170.0;6.0;0.0;137.698;4.0;729;643;723;-10.628;104;1.23e-06;274;0.0299;UK: A Collection of Beatles Oldies US: Yesterday and Today;20.0;We Can Work It Out;Day Tripper;RIAA Gold;Rock, Pop/Rock;British Invasion, Contemporary Pop/Rock, Early Pop/Rock, Rock & Roll;Breakup
spotify:track:5NQYyej46WQkgCbnzGD21W;Dear Prudence;1968;The Beatles;61.0;236.0;7.0;1.0;150.721;4.0;332;388;529;-10.533;0.16;0.0681;108;0.0436;The Beatles;9.0;;;;Rock, Pop/Rock;British Psychedelia, Contemporary Pop/Rock, Early Pop/Rock, Psychedelic/Garage;Affection/Fondness
spotify:track:5maTh4fY9SlgR3FhRkf040;Devil in Her Heart;1963;With the Beatles;49.0;147.0;7.0;1.0;121.072;4.0;966;618;622;-8.861;227;0.0;0.0438;0.0296;UK: With the Beatles US: The Beatles Second Album;11.0;;;;Rock, Pop/Rock;British Invasion, Contemporary Pop/Rock, Early Pop/Rock, Merseybeat, Rock & Roll;
spotify:track:0eRyOunOVBChlXxIvqwOxH;Dig It;1969;Let It Be;48.0;51.0;5.0;1.0;157.03;3.0;0.67;0.54;489;-12.276;659;0.0019;457;117;Let It Be;10.0;;;;Rock, Pop/Rock;Album Rock, Contemporary Pop/Rock, Early Pop/Rock, Rock & Roll;Celebrities, Politics/Society, Protest, Relationships
spotify:track:4OUmlC67FoPLvQNuE5C7kF;Dig a Pony;1969;Let It Be;54.0;232.0;11.0;0.0;59.004;4.0;527;538;478;-8.957;472;0.0;0.17;0.0388;Let It Be;12.0;;;;Blues Rock, Pop/Rock;Album Rock, Contemporary Pop/Rock, Early Pop/Rock, Hard Rock, Rock & Roll;Adventure, Awareness, Biographical, Fantasy, In Love, Loneliness, Relationships, Wisdom
spotify:track:70Dohn82wv6VtxGesqRzbZ;Dizzy Miss Lizzy;1965;Help!;50.0;145.0;9.0;1.0;136.037;4.0;918;373;934;-6.753;116;0.00445;0.0962;0.0591;UK: Help! US: Beatles VI;18.0;;;;Rock and Roll, Pop/Rock;British Invasion, Contemporary Pop/Rock, Rock & Roll;Partying
spotify:track:7Aobt67JnaF7qN8jCCKvHq;Do You Want to Know a Secret?;1963;Please Please Me;66.0;116.0;4.0;1.0;124.451;4.0;609;673;349;-12.414;608;0.0;0.38;0.0368;UK: Please Please Me US: The Early Beatles;23.0;Do You Want to Know a Secret?;Thank You Girl;RIAA Gold;Pop/Rock;British Invasion, Early Pop/Rock, Merseybeat, Contemporary Pop/Rock, Rock & Roll;Affection/Fondness, Heartache
spotify:track:1ob06Ol8FMIPQgjpg7bMyk;Doctor Robert;1966;Revolver;52.0;135.0;4.0;1.0;164.626;4.0;574;394;0.64;-8.992;164;139;153;0.0488;UK: Revolver US: Yesterday and Today;6.0;;;;Psychedelic Rock, Power Pop, Pop/Rock;British Invasion, Contemporary Pop/Rock, Early Pop/Rock, Rock & Roll, British Psychedelia, Psychedelic/Garage;Illness
spotify:track:7y1hMqXNa0dKQLZH7CKbUG;Don't Bother Me;1963;With the Beatles;53.0;149.0;2.0;1.0;170.377;4.0;916;371;724;-9.792;554;0.0;299;0.0562;UK: With the Beatles US: Meet The Beatles!;11.0;;;;Rock and Roll, Pop/Rock;British Invasion, Contemporary Pop/Rock, Early Pop/Rock, Merseybeat, Rock & Roll;Breakup, Heartache, Introspection, Reflection, Jealousy, Regret
spotify:track:28FjGYrChzX3TwBcgGVqT5;Don't Ever Change;1963;Live at the BBC;30.0;125.0;4.0;1.0;136.735;4.0;864;561;462;-13.931;795;0.0;134;0.0386;Live at the BBC;;;;;Pop/Rock;British Invasion, Merseybeat, Contemporary Pop/Rock, Early Pop/Rock;Affection/Fondness, In Love, New Love
spotify:track:5BhMoGrz5KzG2fA5uzHjZ1;Don't Let Me Down;1969;Past Masters (Vols. 1 & 2 / Remastered);48.0;215.0;4.0;1.0;163.63;4.0;783;486;489;-8.626;147;8.63e-06;135;0.0365;UK: 1967-1970 US: Hey Jude;17.0;Get Back;Don't Let Me Down;RIAA 2xPlatinum;Blues Rock, Pop/Rock;Contemporary Pop/Rock, Early Pop/Rock, Rock & Roll;
spotify:track:4zq4rrfHZeZsTbo5vjJXSV;Don't Pass Me By;1968;The Beatles;52.0;231.0;0.0;1.0;84.895;4.0;946;599;537;-9.617;594;1.92e-05;194;0.0254;The Beatles;11.0;;;;Country Rock, Pop/Rock;Contemporary Pop/Rock, Early Pop/Rock, Rock & Roll, Country-Rock;Feeling Blue, Heartache, Late Night
spotify:track:06ypiqmILMdVeaiErMFA91;Drive My Car;1965;Rubber Soul;69.0;148.0;2.0;1.0;122.463;4.0;0.82;754;571;-8.547;0.0173;0.0;0.3;0.0421;UK: Rubber Soul US: Yesterday and Today;17.0;;;;Rock, R&B, Pop/Rock;British Invasion, Contemporary Pop/Rock, Early Pop/Rock, Rock & Roll;
spotify:track:1Dg4dFJr3HW7sbA7vPejre;Eight Days a Week;1964;Beatles for Sale;69.0;164.0;9.0;1.0;138.134;4.0;744;652;583;-7.811;412;0.0;119;38;UK: Beatles for Sale US: Beatles VI;23.0;Eight Days a Week;I Don't Want to Spoil the Party;RIAA Gold;Rock, Pop/Rock;British Invasion, Contemporary Pop/Rock, Early Pop/Rock, Rock & Roll;In Love
spotify:track:5GjPQ0eI7AgmOnADn1EO6Q;Eleanor Rigby;1966;Revolver;72.0;128.0;4.0;0.0;137.831;4.0;813;581;0.28;-9.091;936;1.56e-05;305;0.0381;Revolver;16.0;Yellow Submarine;Eleanor Rigby;RIAA Gold;Baroque Pop, Art Rock, Pop/Rock;Baroque Pop, British Invasion, Contemporary Pop/Rock, Early Pop/Rock;Introspection
spotify:track:2CxTkdvhDuQrOxl8xXkdJS;Every Little Thing;1964;Beatles for Sale;48.0;121.0;2.0;1.0;123.227;4.0;678;0.74;0.49;-9.095;488;0.0;103;38;UK: Beatles for Sale US: Beatles VI;9.0;;;;Rock, Pop/Rock;British Invasion, Contemporary Pop/Rock, Early Pop/Rock;In Love
spotify:track:64P3zpRsDHIk7YTpRtaKYL;Everybody's Got Something to Hide Except Me and My Monkey;1968;The Beatles;52.0;144.0;2.0;1.0;117.089;4.0;0.81;523;731;-8.613;0.0207;0.000464;81;0.0559;The Beatles;10.0;;;;Hard Rock, Pop/Rock;Contemporary Pop/Rock, Early Pop/Rock, Hard Rock, Rock & Roll, Album Rock;
spotify:track:4DZAH8eiqSAkMIE9l5D71U;Everybody's Trying to Be My Baby;1964;Beatles for Sale;46.0;143.0;4.0;1.0;85.172;4.0;943;543;806;-7.231;466;0.0;134;0.0385;UK: Beatles for Sale US: Beatles '65;21.0;;;;Rock and Roll, Rockabilly, Pop/Rock;British Invasion, Contemporary Pop/Rock, Early Pop/Rock, Rock & Roll, Rockabilly;Summer, Cool & Cocky, Guys Night Out, Hanging Out, Night Driving, Partying, TGIF
spotify:track:3pKKxkeB1pOUMHwWBmKc3Y;Fixing a Hole;1967;Sgt. Pepper's Lonely Hearts Club Band;56.0;146.0;0.0;0.0;112.984;4.0;619;469;507;-8.917;382;0.0;0.0783;0.0451;Sgt. Pepper's Lonely Hearts Club Band;5.0;;;;Psychedelic pop, Baroque Pop, Pop/Rock;Contemporary Pop/Rock, Early Pop/Rock, British Psychedelia, Psychedelic/Garage;
spotify:track:1itLKsCWHtLnxALkgBk1Fa;Flying;1967;Magical Mystery Tour;53.0;137.0;0.0;1.0;92.929;4.0;261;551;395;-14.755;368;0.88;0.0932;0.0501;Magical Mystery Tour;12.0;;;;Psychedelic Rock, Instrumental Rock, Space Rock, Pop/Rock;British Psychedelia, Contemporary Pop/Rock, Early Pop/Rock, Instrumental Rock, Psychedelic/Garage;
spotify:track:1kDkaFlmkdEZiVUogaP9OZ;For No One;1966;Revolver;67.0;121.0;1.0;0.0;81.208;4.0;713;483;351;-10.487;783;0.0;115;0.0278;Revolver;9.0;;;;Baroque Pop, Pop/Rock;British Invasion, Contemporary Pop/Rock, Early Pop/Rock;Breakup, Divorce, Feeling Blue, Introspection, Loss/Grief, Regret, Reflection
spotify:track:5dpRJkvY8oWMQmQbEQTXhO;For You Blue;1969;Let It Be;52.0;152.0;2.0;1.0;128.542;4.0;955;0.88;556;-10.773;0.24;0.0483;0.24;0.0855;Let It Be;13.0;The Long and Winding Road;For You Blue;RIAA Platinum;Country Blues, Pop/Rock, Blues;Album Rock, Contemporary Pop/Rock, Early Pop/Rock, Rock & Roll, Blues-Rock, British Blues, Regional Blues;In Love, Biographical, Hope, Relationships, Reminiscing, Yearning
spotify:track:6hLY3Tz1Xt5kBuKNDTs4ib;Free As a Bird;1977/1994;Anthology 1;53.0;266.0;9.0;1.0;72.323;4.0;457;474;503;-9.074;0.0438;16;153;0.0279;Anthology 1;;Free as a Bird;Christmas Time (Is Here Again);BPI Silver; RIAA Gold;Rock, Pop/Rock;Contemporary Pop/Rock;
spotify:track:7nBGBbzfnPiowCvXKJnV9J;From Me to You;1963;Past Masters (Vols. 1 & 2 / Remastered);42.0;116.0;7.0;1.0;136.125;4.0;966;644;0.66;-8.513;613;0.0;269;0.0309;UK: A Collection of Beatles Oldies US: 1962-1966;34.0;From Me to You;Thank You Girl;;Merseybeat, Pop/Rock;British Invasion, Contemporary Pop/Rock, Early Pop/Rock, Merseybeat, Rock & Roll;In Love
spotify:track:4MLBqAEzNN89o2M9h92Z26;Get Back;1969;Let It Be;70.0;194.0;2.0;1.0;123.095;4.0;332;761;592;-9.836;492;0.00626;0.61;0.0586;Let It Be;28.0;Get Back;Don't Let Me Down;RIAA 2xPlatinum;Blues Rock, Pop/Rock;Album Rock, Contemporary Pop/Rock, Early Pop/Rock, Rock & Roll;Argument, Lifecycle, Starting Out
spotify:track:3LtOmWpTXLhilL5odoKysR;Getting Better;1967;Sgt. Pepper's Lonely Hearts Club Band;56.0;167.0;0.0;1.0;121.672;4.0;764;632;471;-7.887;313;5.08e-06;0.0712;0.0348;Sgt. Pepper's Lonely Hearts Club Band;5.0;;;;Psychedelic Rock, Pop/Rock;Contemporary Pop/Rock, Early Pop/Rock, Rock & Roll, British Psychedelia, Psychedelic/Garage;Reflection
spotify:track:6tQvjqDIK9GXWIC6mejms8;Girl;1965;Rubber Soul;66.0;153.0;5.0;0.0;96.615;4.0;893;699;294;-13.205;587;0.0;117;0.0294;Rubber Soul;17.0;Michelle;Girl;;Folk, Pop/Rock;British Invasion, Contemporary Pop/Rock, Early Pop/Rock, Folk-Rock, Psychedelic/Garage, Singer/Songwriter;Feeling Blue, Heartache, Introspection, Reflection, Regret
spotify:track:4a75E2Hcz8gQWnEAoK2WBR;Glad All Over;1963;Live at the BBC;25.0;113.0;9.0;1.0;92.458;4.0;913;604;617;-11.213;583;0.0;454;0.0346;Live at the BBC;;;;;Pop/Rock;British Invasion, Merseybeat, Contemporary Pop/Rock, Early Pop/Rock;Cool & Cocky, Guys Night Out, In Love, Partying
spotify:track:2jAojvUaPoHPFSPpF0UNRo;Glass Onion;1968;The Beatles;58.0;137.0;7.0;0.0;120.432;4.0;789;523;0.51;-9.827;0.0123;8.38e-05;108;0.0514;The Beatles;8.0;;;;Psychedelic Rock, Pop/Rock;British Psychedelia, Contemporary Pop/Rock, Early Pop/Rock, Hard Rock, Psychedelic/Garage, Rock & Roll;Vacation
spotify:track:01SfTM5nfCou5gQL70r6gs;Golden Slumbers;1969;Abbey Road;70.0;91.0;0.0;1.0;80.608;4.0;239;419;152;-12.126;326;0.0034;113;0.0277;Abbey Road;5.0;;;;Rock, Baroque Pop, Pop/Rock;Album Rock, Contemporary Pop/Rock, Early Pop/Rock, Prog-Rock;
spotify:track:7HTH1ppjkkOe7RLoBDKXYJ;Good Day Sunshine;1966;Revolver;65.0;129.0;11.0;1.0;117.331;3.0;571;0.77;496;-8.45;719;0.0;123;0.0468;Revolver;7.0;;;;Sunshine Pop, Music Hall, Pop/Rock;British Invasion, Contemporary Pop/Rock, Early Pop/Rock;Playful, Summer
spotify:track:0xIuNHHcKI1JDuBPlSwzb1;Good Morning, Good Morning;1967;Sgt. Pepper's Lonely Hearts Club Band;52.0;161.0;2.0;1.0;121.849;3.0;0.93;542;618;-8.876;0.0858;0.0;772;139;Sgt. Pepper's Lonely Hearts Club Band;6.0;;;;Rock, Hard Rock, Pop/Rock;British Psychedelia, Contemporary Pop/Rock, Early Pop/Rock, Psychedelic/Garage, Rock & Roll, Hard Rock;Reflection
spotify:track:3T4Kt51PV4k8tx6YCtBgcl;Good Night;1968;The Beatles;51.0;191.0;7.0;1.0;146.408;3.0;178;146;355;-14.583;865;835;114;0.0352;The Beatles;8.0;;;;Orchestral Pop, Lullaby, Pop/Rock;Lullabies, Contemporary Pop/Rock, Early Pop/Rock, Baroque Pop;Family Gatherings
spotify:track:2cQGln8y7OgSOLxSHkgehd;Goodbye;1969;Abbey Road (Super Deluxe Edition);45.0;144.0;11.0;1.0;126.695;3.0;563;556;174;-15.047;918;0.000681;114;0.0462;;;;;;Children's, Pop/Rock;Contemporary Pop/Rock, Early Pop/Rock, Folk-Rock, Singer/Songwriter;
spotify:track:3tGhRLgcCP6SIZU3tbGl7l;Got to Get You Into My Life;1966;Revolver;60.0;147.0;0.0;1.0;136.679;4.0;711;521;524;-6.136;0.42;9.27e-06;0.0838;0.0302;Revolver;8.0;Got to Get You into My Life;Helter Skelter;RIAA Gold;R&B, Rock, Jazz Fusion, Pop/Rock;British Invasion, Contemporary Pop/Rock, Early Pop/Rock, Pop-Soul, Rock & Roll, Soul;
spotify:track:5aOteYP6rA7vvBA7TG4Zpx;Hallelujah, I Love Her So;1960;Anthology 1;30.0;73.0;5.0;1.0;131.028;4.0;827;569;0.82;-7.024;989;915;0.68;57;;;;;;;;
spotify:track:71LsKf3xISiOlY1mj7FFPP;Happiness Is a Warm Gun;1968;The Beatles;61.0;163.0;9.0;0.0;139.288;4.0;0.44;431;0.54;-9.6;523;1.34e-06;169;0.0589;The Beatles;7.0;;;;Pop/Rock;British Psychedelia, Contemporary Pop/Rock, Early Pop/Rock, Psychedelic/Garage, Hard Rock, Prog-Rock;
spotify:track:0F3N8OIn6obTkJfZWbOMrm;Hello Little Girl;1962;Anthology 1;33.0;100.0;2.0;1.0;76.593;4.0;662;473;669;-6.994;313;0.0;169;0.0639;Anthology 1;;;;;Merseybeat, Pop/Rock;Early Pop/Rock;In Love
spotify:track:0vZ97gHhemKm6c64hTfJNA;Hello, Goodbye;1967;Magical Mystery Tour;63.0;207.0;0.0;1.0;99.307;4.0;806;479;733;-8.753;306;2.4e-05;414;0.0256;Magical Mystery Tour;14.0;Hello, Goodbye;I Am the Walrus;RIAA Gold;Pop/Rock;British Psychedelia, Contemporary Pop/Rock, Early Pop/Rock, Psychedelic/Garage;
spotify:track:7DD7eSuYSC5xk2ArU62esN;Help!;1965;Help!;74.0;138.0;6.0;0.0;95.003;4.0;763;534;725;-7.576;188;0.0;0.0994;0.0332;Help!;34.0;Help!;I'm Down;RIAA Gold;Folk Rock, Pop/Rock;British Invasion, Contemporary Pop/Rock, Early Pop/Rock, Rock & Roll, Folk-Rock, Psychedelic/Garage;Feeling Blue, Heartache, Introspection
spotify:track:0Bs0hUYxz7REyIHH7tRhL2;Helter Skelter;1968;The Beatles;63.0;270.0;9.0;1.0;167.518;4.0;281;166;831;-8.469;0.000606;846;811;0.0894;The Beatles;13.0;Got to Get You into My Life;Helter Skelter;RIAA Gold;Hard Rock, Heavy Metal[, Proto-Punk, Pop/Rock;Album Rock, Contemporary Pop/Rock, Hard Rock, Heavy Metal, Rock & Roll;
spotify:track:6UCFZ9ZOFRxK8oak7MdPZu;Her Majesty;1969;Abbey Road;27.0;23.0;2.0;1.0;100.874;3.0;522;703;215;-23.03;728;1.23e-06;0.13;0.0892;Abbey Road;8.0;;;;Music Hall, Folk, Pop/Rock;Contemporary Pop/Rock, Early Pop/Rock, Singer/Songwriter, Album Rock;
spotify:track:6dGnYIeXmHdcikdzNNDMm2;Here Comes the Sun;1969;Abbey Road;87.0;186.0;9.0;1.0;129.171;4.0;394;557;0.54;-10.484;0.0339;0.00248;179;0.0347;Abbey Road;6.0;;;;Folk Pop, Pop/Rock;Album Rock, Contemporary Pop/Rock, Early Pop/Rock;Day Driving, Spring, Summer, The Great Outdoors
spotify:track:2B4Y9u4ERAFiMo13XPJyGP;Here, There and Everywhere;1966;Revolver;70.0;145.0;7.0;1.0;165.361;4.0;0.36;0.29;247;-12.125;921;0.00565;0.0917;0.0383;Revolver;11.0;;;;Soft Rock, Pop/Rock;British Invasion, Contemporary Pop/Rock, Early Pop/Rock;Comfort, In Love, Affection/Fondness, New Love, Sweet Dreams, Early Morning
spotify:track:5xYC2ZJJ9TMJL8BOl85O2R;Hey Bulldog;1968;Yellow Submarine;55.0;194.0;7.0;1.0;100.495;4.0;947;587;617;-9.164;0.0197;639;199;28;Yellow Submarine;12.0;All Together Now;Hey Bulldog;;Psychedelic Rock, Hard Rock, Pop/Rock;Contemporary Pop/Rock, Hard Rock, Psychedelic/Garage, Rock & Roll, British Psychedelia, Early Pop/Rock;Cool & Cocky, Guys Night Out, Late Night, Playful
spotify:track:2iGtdYI4lI0jDpnxJOqZRw;Hey Jude;1968;Past Masters (Vols. 1 & 2 / Remastered);51.0;431.0;10.0;1.0;147.114;4.0;649;399;573;-9.44;0.0293;2.83e-05;0.0914;0.0253;UK: 1967-1970 US: Hey Jude;28.0;Hey Jude;Revolution;RIAA 4xPlatinum;Rock, Pop/Rock;Contemporary Pop/Rock, Early Pop/Rock;Affection/Fondness, Comfort
spotify:track:2RvKsA6Ho7VbJkVFiD4UQF;Hold Me Tight;1963;With the Beatles;50.0;152.0;5.0;1.0;135.731;4.0;963;0.54;744;-9.637;664;0.0;0.21;0.0312;UK: With the Beatles US: Meet The Beatles!;16.0;;;;Rock & Roll, Pop/Rock;British Invasion, Contemporary Pop/Rock, Early Pop/Rock, Merseybeat, Rock & Roll;
spotify:track:2d7GP7Fz1NrfPpo7MzWZgb;Honey Don't;1964;Beatles for Sale;46.0;173.0;4.0;1.0;162.438;4.0;735;629;545;-11.466;473;5.08e-05;0.0854;0.0348;UK: Beatles for Sale US: Beatles '65;14.0;;;;Rockabilly, Pop/Rock;British Invasion, Contemporary Pop/Rock, Rock & Roll, Rockabilly;
spotify:track:1TPcNcmuKlq0PKpYOBgP1U;Honey Pie;1968;The Beatles;53.0;161.0;7.0;1.0;144.197;4.0;553;537;297;-15.452;0.88;1.5e-05;145;0.0822;The Beatles;8.0;;;;Music Hall, Jazz, Ragtime, Pop/Rock;Contemporary Pop/Rock, Early Pop/Rock;
spotify:track:0cyR03TLxoLceHKWs7UDDM;How Do You Do It?;;Anthology 1;34.0;117.0;7.0;1.0;136.596;4.0;732;728;735;-5.76;112;1.87e-06;104;0.0349;Anthology 2;;;;;Merseybeat, Pop/Rock;British Invasion, Contemporary Pop/Rock, Merseybeat, Rock & Roll, AM Pop, Early Pop/Rock;
spotify:track:6Pq9MmkDQYZiiCDpxnvrf6;I Am the Walrus;1967;Magical Mystery Tour;64.0;273.0;2.0;1.0;85.206;4.0;654;401;556;-10.532;0.0828;0.000359;589;0.0513;Magical Mystery Tour;20.0;Hello, Goodbye;I Am the Walrus;RIAA Gold;Psychedelic Rock, Acid Rock, Experimental Rock, Pop/Rock;British Psychedelia, Contemporary Pop/Rock, Early Pop/Rock, Prog-Rock, Psychedelic/Garage;
spotify:track:1QQSTB03vIsgjU67UnUPEL;I Call Your Name;1964;Past Masters (Vols. 1 & 2 / Remastered);42.0;129.0;9.0;1.0;125.763;4.0;962;0.69;691;-7.057;313;0.000122;252;0.0308;UK: Past Masters Volume 1 US: The Beatles Second Album;16.0;;;;Rock, Pop/Rock;British Invasion, Contemporary Pop/Rock, Early Pop/Rock, Merseybeat, Rock & Roll;Heartache, Feeling Blue
spotify:track:3kQDIa85ZK8cKVn72NfBnl;I Don't Want to Spoil the Party;1964;Beatles for Sale;46.0;153.0;7.0;1.0;95.438;4.0;889;533;668;-7.237;451;0.0;149;33;UK: Beatles for Sale US: Beatles VI;11.0;Eight Days a Week; I'll Follow the Sun;I Don't Want to Spoil the Party; I Don't Want to Spoil the Party;RIAA Gold;Country Rock, Pop/Rock;British Invasion, Contemporary Pop/Rock, Early Pop/Rock, Rock & Roll, Country-Rock;Feeling Blue, Heartache, Introspection
spotify:track:1Q7gCIpOjIIU0bUKcGzrG4;I Feel Fine;1964;Past Masters (Vols. 1 & 2 / Remastered);40.0;145.0;7.0;1.0;90.138;4.0;769;571;788;-8.159;311;4.09e-06;287;0.0447;UK: A Collection of Beatles Oldies US: Beatles '65;35.0;I Feel Fine;She's a Woman;RIAA Gold;Rock, Pop/Rock;British Invasion, Contemporary Pop/Rock, Early Pop/Rock, Rock & Roll;In Love
spotify:track:7wJQXHwL3oOllX9iFFg3wJ;I Forgot to Remember to Forget;1964;Live At The BBC;26.0;126.0;4.0;1.0;129.975;4.0;873;549;431;-12.604;611;0.0274;352;0.0304;Live at the BBC;;;;;Country, Pop/Rock;British Invasion, Merseybeat, Contemporary Pop/Rock, Early Pop/Rock;Breakup, Feeling Blue, Reflection
spotify:track:53PHRtl7ZP8gkiWiX4rm15;I Got a Woman;1963;Live at the BBC;31.0;168.0;4.0;1.0;103.446;4.0;909;676;661;-9.981;646;0.0;0.0965;0.0348;Live at the BBC;;;;;Jump Blues, R&B, Pop/Rock;;
spotify:track:0MbM0vhV3WHEaIBzFezBbJ;I Got to Find My Baby;1963;Live at the BBC;24.0;118.0;7.0;1.0;66.045;4.0;876;413;577;-13.116;163;8.79e-06;285;0.0354;Live at the BBC;;;;;Rock, Pop/Rock;British Invasion, Merseybeat, Contemporary Pop/Rock, Early Pop/Rock;Day Driving, Freedom, Guys Night Out, Hanging Out
spotify:track:0lURiNHmeSMdiOtJmHWpOD;I Just Don't Understand;1963;Live at the BBC;27.0;168.0;9.0;1.0;140.368;3.0;857;586;459;-13.6;664;0.000125;0.0693;0.0322;Live at the BBC;;;;;Rock, Pop/Rock;British Invasion, Merseybeat, Contemporary Pop/Rock, Early Pop/Rock;Feeling Blue, Heartache, Regret
spotify:track:2BMqay80iBzZTa608Y1eG1;I Me Mine;1970;Let It Be;57.0;145.0;9.0;0.0;185.235;3.0;525;291;638;-7.854;179;0.0;101;0.0554;Let It Be;10.0;;;;Folk blues, Hard Rock, Pop/Rock;Album Rock, Contemporary Pop/Rock, Early Pop/Rock, Singer/Songwriter;Introspection, Jealousy, Awareness, Fear, Loss/Grief, Pain, Politics/Society, Relationships, Yearning
spotify:track:5EzvwjFwdP5Kfl5AZAemzu;I Need You;1965;Help!;57.0;148.0;9.0;1.0;136.215;4.0;638;601;489;-8.554;277;0.0;0.0988;0.0455;Help!;11.0;;;;Pop/Rock;British Invasion, Contemporary Pop/Rock, Early Pop/Rock, Rock & Roll;Feeling Blue, Heartache
spotify:track:3KiexfmhxHvG5IgAElmTkd;I Saw Her Standing There;1963;Please Please Me;71.0;175.0;4.0;1.0;160.109;4.0;971;491;801;-9.835;0.27;0.0;0.0665;0.0361;UK: Please Please Me US: Meet The Beatles!;42.0;I Want to Hold Your Hand;I Saw Her Standing There;RIAA Gold;Rock and Roll, Pop/Rock;British Invasion, Merseybeat, Rock & Roll;New Love
spotify:track:3pU1CUgPiFfxPCpscwIwQR;I Should Have Known Better;1964;A Hard Day's Night;59.0;164.0;7.0;1.0;130.704;4.0;0.91;682;444;-7.689;257;0.0;115;0.0289;UK: A Hard Day's Night US: Hey Jude;18.0;A Hard Day's Night;I Should Have Known Better;RIAA Gold;Pop/Rock;British Invasion, Contemporary Pop/Rock, Early Pop/Rock, Merseybeat, Rock & Roll, Adult Contemporary, Alternative/Indie Rock, Britpop;Awareness, In Love, Relationships
spotify:track:0sIZcoe69iSym9AecvZ7CT;I Wanna Be Your Man;1963;With the Beatles;49.0;103.0;9.0;1.0;99.138;4.0;683;553;914;-8.232;477;0.0;292;0.0415;UK: With the Beatles US: Meet The Beatles!;25.0;;;;Rock and Roll, R&B, Pop/Rock;British Invasion, Merseybeat, Contemporary Pop/Rock, Early Pop/Rock;Cool & Cocky, Partying, Sex
spotify:track:3Z25k4ZF6QENy2d9YatsM5;I Want You (She's So Heavy);1969;Abbey Road;65.0;467.0;2.0;0.0;115.732;4.0;0.42;0.37;515;-9.487;0.0233;205;0.0966;0.0321;Abbey Road;5.0;;;;Blues Rock, Hard Rock, Progressive Rock, Pop/Rock;Album Rock, Hard Rock, Contemporary Pop/Rock, Rock & Roll;
spotify:track:27E39dDg0Bx1RzkF3eJJsb;I Want to Hold Your Hand;1963;Past Masters (Vols. 1 & 2 / Remastered);41.0;144.0;7.0;1.0;131.011;4.0;916;492;0.73;-6.434;0.57;8.5e-06;246;0.0416;UK: A Collection of Beatles Oldies US: Meet The Beatles!;34.0;I Want to Hold Your Hand;This Boy;;Rock and Roll, Pop/Rock;British Invasion, Contemporary Pop/Rock, Early Pop/Rock, Merseybeat, Rock & Roll;Affection/Fondness, In Love, New Love, Playful
spotify:track:7orb0y6ySGdsYZywMoQtsD;I Want to Tell You;1966;Revolver;52.0;149.0;9.0;1.0;127.492;4.0;449;493;525;-9.289;182;4.4e-06;148;0.0315;Revolver;5.0;;;;Psychedelic Rock, Pop/Rock;British Invasion, Contemporary Pop/Rock, Early Pop/Rock, Rock & Roll, British Psychedelia, Psychedelic/Garage;
spotify:track:09x9v1o51dbqi5H0u7UGfp;I Will;1968;The Beatles;68.0;106.0;5.0;1.0;103.11;4.0;832;631;387;-11.529;742;0.000406;0.0822;0.0262;The Beatles;8.0;;;;Folk, Pop/Rock;Contemporary Pop/Rock, Early Pop/Rock, Rock & Roll, Folk-Rock, Psychedelic/Garage, Singer/Songwriter;In Love, New Love
spotify:track:3lSi6qfnp2YZazTzcOLBZk;I'll Be Back;1964;A Hard Day's Night;53.0;140.0;9.0;1.0;123.902;4.0;641;721;527;-7.224;744;0.0;186;0.0293;UK: A Hard Day's Night US: Beatles '65;14.0;;;;Rock, Pop/Rock;British Invasion, Contemporary Pop/Rock, Early Pop/Rock, Merseybeat, Adult Contemporary, Alternative/Indie Rock, Britpop;Goodbyes, In Love, Motivation, Passion, Relationships
spotify:track:07Ff2IljWccaYecJVpc2R4;I'll Be on My Way;1963;Live at the BBC;33.0;118.0;9.0;1.0;125.477;4.0;0.79;614;485;-12.902;234;2.32e-06;142;0.0306;Live at the BBC;;;;;Pop/Rock;British Invasion, Merseybeat, Contemporary Pop/Rock, Early Pop/Rock;Breakup, Feeling Blue, Reflection
spotify:track:01xMiErR26kH1KCif6uEYI;I'll Cry Instead;1964;A Hard Day's Night;49.0;129.0;7.0;1.0;96.711;4.0;0.96;643;0.73;-6.859;0.0917;0.0;253;0.0347;UK: A Hard Day's Night US: Something New;14.0;I'll Cry Instead;I'm Happy Just to Dance with You;;Rock and Roll, Country, Pop/Rock;British Invasion, Contemporary Pop/Rock, Early Pop/Rock, Merseybeat, Rock & Roll, Adult Contemporary;Feeling Blue, Heartache, Awareness, Goodbyes, In Love, Loneliness, Pain, Passion, Yearning
spotify:track:45WX2cfbL8bCIqv3rOq1G3;I'll Follow the Sun;1964;Beatles for Sale;69.0;106.0;0.0;1.0;133.754;4.0;625;689;313;-10.073;789;0.0;144;0.0366;UK: Beatles for Sale US: Beatles '65;17.0;I'll Follow the Sun;I Don't Want to Spoil the Party;;Folk Rock, Country, Pop/Rock;British Invasion, Contemporary Pop/Rock, Early Pop/Rock;
spotify:track:4VMOdHVfB57lNhSDadhOBc;I'll Get You;1963;Past Masters (Vols. 1 & 2 / Remastered);42.0;124.0;9.0;1.0;125.7;4.0;962;653;0.75;-6.531;616;0.0;289;0.0356;UK: Past Masters Volume 1 US: The Beatles Second Album;13.0;She Loves You; Sie Liebt Dich;I'll Get You; I'll Get You;;Merseybeat, Pop/Rock;;
spotify:track:5ovYFa8Em47SgPmhBlZb5N;I'm Down;1965;Past Masters (Vols. 1 & 2 / Remastered);43.0;153.0;7.0;1.0;82.077;4.0;937;439;813;-8.304;563;0.000605;728;0.0607;Rock 'n' Roll Music;20.0;Help!;I'm Down;RIAA Gold;Rock and Roll, Pop/Rock;British Invasion, Contemporary Pop/Rock, Early Pop/Rock, Merseybeat, Rock & Roll;
spotify:track:4jqD06p0XjTw6K4QHo9xSO;I'm Gonna Sit Right Down and Cry (Over You);1963;Live at the BBC;28.0;122.0;0.0;1.0;98.026;4.0;942;639;651;-11.385;357;8.98e-06;0.0737;47;Live at the BBC;;;;;Pop/Rock;British Invasion, Merseybeat, Contemporary Pop/Rock, Early Pop/Rock;Guys Night Out, Jealousy, Late Night
spotify:track:0gd50I2gKioJ59C827EdAY;I'm Happy Just to Dance with You;1964;A Hard Day's Night;57.0;118.0;6.0;0.0;132.115;4.0;887;658;537;-7.535;138;0.0;0.0572;0.0307;UK: A Hard Day's Night US: Something New;5.0;I'll Cry Instead;I'm Happy Just to Dance with You;;Rock, Pop/Rock;British Invasion, Contemporary Pop/Rock, Early Pop/Rock, Merseybeat, Rock & Roll, Adult Contemporary, Alternative/Indie Rock, Britpop;New Love, Awareness, Dance Party, In Love
spotify:track:5E3BVY66TEDexFutOO5GeS;I'm Looking Through You;1965;Rubber Soul;60.0;147.0;1.0;1.0;85.843;4.0;774;667;498;-11.027;0.00772;0.0;0.0481;0.0364;Rubber Soul;15.0;;;;Folk Rock, Pop/Rock;British Invasion, Contemporary Pop/Rock, Early Pop/Rock, Folk-Rock, Psychedelic/Garage, Singer/Songwriter, Rock & Roll;Feeling Blue, Regret, Late Night, Breakup
spotify:track:2ylCrFiBu98SC0vFfaCent;I'm Only Sleeping;1966;Revolver;60.0;182.0;8.0;0.0;103.477;4.0;698;494;0.47;-9.599;0.21;0.0;0.28;0.0301;UK: Revolver US: Yesterday and Today;10.0;;;;Psychedelic Rock, Psychedelic Folk, Pop/Rock;British Invasion, British Psychedelia, Contemporary Pop/Rock, Early Pop/Rock, Psychedelic/Garage, Rock & Roll;Stay in Bed, Sweet Dreams
spotify:track:2X9H5BokS1u5O46YpNYNsZ;I'm So Tired;1968;The Beatles;58.0;123.0;9.0;1.0;68.492;4.0;717;433;483;-9.422;656;2.64e-05;539;175;The Beatles;11.0;;;;Blues Rock, Pop/Rock;Contemporary Pop/Rock, Early Pop/Rock, Hard Rock, Rock & Roll, British Psychedelia, Psychedelic/Garage;Feeling Blue, Late Night
spotify:track:6MVohEoExQiPfsoTeWh5NA;I'm Talking About You;1963;On Air - Live At The BBC (Vol.2);27.0;112.0;4.0;1.0;143.73;4.0;948;579;772;-9.387;826;742;548;0.0419;On Air – Live at the BBC Volume 2;;;;;Pop/Rock;British Invasion;
spotify:track:7wC4EW11mBVxDK3xdC7FTf;I'm a Loser;1964;Beatles for Sale;50.0;151.0;7.0;1.0;89.877;4.0;856;492;628;-7.813;567;1.07e-06;267;0.0439;UK: Beatles for Sale US: Beatles '65;17.0;Rock and Roll Music;I'm a Loser;;Folk Rock, Country, Pop/Rock;British Invasion, Contemporary Pop/Rock, Early Pop/Rock, Rock & Roll, Country-Rock, Folk-Rock, Psychedelic/Garage;Heartache, Introspection, Jealousy, Loss/Grief, Feeling Blue
spotify:track:3gwRWIbr5ycEVLIAXrWaw7;I've Got a Feeling;1969;Let It Be;59.0;217.0;2.0;1.0;165.156;4.0;364;0.44;609;-8.824;0.0715;0.0;582;0.0358;Let It Be;12.0;;;;Blues Rock, Pop/Rock;Album Rock, Contemporary Pop/Rock, Early Pop/Rock, Rock & Roll, Hard Rock;New Love, Biographical, Dreaming, In Love, Nature, Relationships, Reminiscing, Wisdom
spotify:track:788U1Sqej9M6c4iikuDGxO;I've Just Seen a Face;1965;Help!;66.0;127.0;9.0;1.0;120.418;3.0;913;647;0.56;-8.809;723;0.0;118;0.0387;UK: Help! US: Rubber Soul;10.0;;;;Folk Rock, Country, Pop/Rock;British Invasion, Contemporary Pop/Rock, Early Pop/Rock, Rock & Roll, Folk-Rock, Psychedelic/Garage;In Love, New Love
spotify:track:1hgvykolO4kBIEozATmpyj;If I Fell;1964;A Hard Day's Night;67.0;142.0;2.0;1.0;108.211;4.0;568;665;0.31;-8.928;0.68;0.0;0.0877;0.0278;UK: A Hard Day's Night US: Something New;21.0;And I Love Her; If I Fell;If I Fell; Tell Me Why;;Pop/Rock;British Invasion, Contemporary Pop/Rock, Early Pop/Rock, Merseybeat, Adult Contemporary, Alternative/Indie Rock, Britpop;Heartache, Affection/Fondness, Awareness, In Love, New Love, Relationships, Romance
spotify:track:7C6hdDIz90Uf5YmdZnYbJJ;If I Needed Someone;1965;Rubber Soul;56.0;143.0;9.0;1.0;127.387;4.0;796;492;755;-9.273;0.00748;0.0;102;0.0331;UK: Rubber Soul US: Yesterday and Today;13.0;;;;Folk Rock, Pop/Rock;British Invasion, Contemporary Pop/Rock, Early Pop/Rock, Folk-Rock, Psychedelic/Garage, Rock & Roll;
spotify:track:4H01EkzG7KtRdcz5JP6xFa;If You've Got Trouble;1965;Anthology 2;31.0;168.0;9.0;1.0;144.794;4.0;965;301;842;-6.261;0.16;0.0;113;0.0409;Anthology 2;;;;;Rock, Pop/Rock;British Invasion, Merseybeat, Contemporary Pop/Rock, Rock & Roll;Day Driving, Hanging Out, Playful, Summer, TGIF, Awareness, Celebrities, Money, Politics/Society, Wisdom
spotify:track:3KfbEIOC7YIv90FIfNSZpo;In My Life;1965;Rubber Soul;79.0;148.0;9.0;1.0;103.239;4.0;435;688;435;-11.359;449;0.0;113;0.0323;Rubber Soul;12.0;;;;Baroque Pop, Pop/Rock;British Invasion, Contemporary Pop/Rock, Early Pop/Rock, Singer/Songwriter;Introspection, Reflection, Reminiscing, Reunion
spotify:track:7zvMaTcCspbRMahT4DcjQG;In Spite of All the Danger;1958;Anthology 1;43.0;164.0;4.0;1.0;87.147;4.0;192;0.44;329;-9.744;991;0.0;333;0.0518;Anthology 1;;;;;Skiffle, Blues, Rock and Roll, Pop/Rock;;
spotify:track:4ekUX4pWizXXksJe0JfS9U;It Won't Be Long;1963;With the Beatles;54.0;133.0;4.0;1.0;133.117;4.0;862;472;673;-8.853;284;0.0;206;0.0318;UK: With the Beatles US: Meet The Beatles!;13.0;;;;Rock, Pop/Rock;British Invasion, Contemporary Pop/Rock, Early Pop/Rock, Merseybeat, Rock & Roll;
spotify:track:2bQZ9BBhP7vSBiyDz7KXnv;It's All Too Much;1967;Yellow Submarine;44.0;388.0;7.0;1.0;113.511;4.0;199;0.39;781;-7.878;4.3e-05;412;0.1;0.0364;Yellow Submarine;11.0;;;;Psychedelic Rock, Acid Rock, Pop/Rock;British Psychedelia, Contemporary Pop/Rock, Early Pop/Rock, Psychedelic/Garage;Late Night, Night Driving, The Creative Side
spotify:track:2ue1KRstSKHF8jQkIJZiNC;It's Only Love;1965;Help!;56.0;115.0;0.0;1.0;113.155;3.0;685;629;551;-8.281;0.22;0.0;0.0432;0.0256;UK: Help! US: Rubber Soul;15.0;;;;Folk Rock, Pop/Rock;British Invasion, Contemporary Pop/Rock, Early Pop/Rock, Rock & Roll, Folk-Rock, Psychedelic/Garage;Breakup, Feeling Blue, Heartache, Jealousy
spotify:track:4QqUqY4ZcEsXELYQbnSy5u;Johnny B. Goode;1964;Live At The BBC;33.0;171.0;9.0;1.0;152.231;4.0;961;492;737;-10.537;0.0281;1.45e-05;239;0.0442;Live at the BBC;;;;;Rock and Roll, Pop/Rock;British Invasion, Merseybeat, Contemporary Pop/Rock, Early Pop/Rock;Celebration, Hanging Out, Partying
spotify:track:5FnpXVgDOk2sLT58qM22Of;Julia;1968;The Beatles;57.0;174.0;2.0;1.0;134.706;4.0;193;512;0.0953;-16.082;828;0.000268;117;0.0304;The Beatles;10.0;Ob-La-Di, Ob-La-Da;Julia;;Folk, Pop/Rock;Contemporary Pop/Rock, Early Pop/Rock, Singer/Songwriter;Heartache, Introspection, Reflection, Reminiscing
spotify:track:4A8lVcz8tx8hx5PVEnZTst;Junk;1968;Anthology 3;35.0;145.0;8.0;1.0;93.419;3.0;0.3;513;0.0796;-15.225;905;0.0103;105;0.0324;Anthology 3;;;;;Folk, Pop/Rock;Contemporary Pop/Rock, Singer/Songwriter, Soft Rock;Affection/Fondness, Comfort, In Love, Relaxation, Sunday Afternoon
spotify:track:5xf0zdP4KCfshyVn02D3Ea;Kansas City / Hey, Hey, Hey, Hey;1964;Beatles for Sale;47.0;163.0;7.0;1.0;131.36;4.0;924;588;724;-6.63;614;8.92e-05;877;0.0335;UK: Beatles for Sale US: Beatles VI;8.0;Boys;Kansas City/Hey, Hey, Hey, Hey;;R&B, Rock and Roll, Pop/Rock;British Invasion, Merseybeat, Contemporary Pop/Rock, Early Pop/Rock;Celebration, Hanging Out, Partying
spotify:track:2wh66N0HWVzwSB0KV7mdQ5;Keep Your Hands Off My Baby;1963;Live at the BBC;31.0;151.0;7.0;1.0;134.925;4.0;885;566;629;-11.637;0.0851;833;0.0795;103;Live at the BBC;;;;;Pop/Rock;British Invasion, Merseybeat, Contemporary Pop/Rock, Early Pop/Rock;Cool & Cocky, Hanging Out, Late Night
spotify:track:1tM9TBNPjieSOZ2d5VAQ1y;Lady Madonna;1968;Past Masters (Vols. 1 & 2 / Remastered);39.0;136.0;2.0;1.0;109.11;4.0;0.78;631;748;-7.604;385;308;205;0.03;UK: 1967-1970 US: Hey Jude;21.0;Lady Madonna;The Inner Light;RIAA Platinum;Rock and Roll, Pop/Rock;British Invasion, Contemporary Pop/Rock, Early Pop/Rock, Rock & Roll;Christmas, Family, Historical Events, Lifecycle, Music, Religion
spotify:track:4iR7Jx9E4zY0Q7AwMyFpZZ;Leave My Kitten Alone;1964;Anthology 1;31.0;176.0;5.0;1.0;100.129;4.0;876;559;915;-5.69;121;9.62e-06;213;0.0321;Anthology 1;;;;;Rock and Roll, Pop/Rock;;
spotify:track:4J3FSYFhUGp0mkaH7m2YnN;Lend Me Your Comb;1963;Anthology 1;28.0;110.0;4.0;1.0;81.909;4.0;928;665;0.69;-5.92;304;0.000413;159;0.0362;Anthology 1;;;;;Pop/Rock;;
spotify:track:7iN1s7xHE4ifF5povM6A48;Let It Be;1969;Let It Be;81.0;243.0;0.0;1.0;143.462;4.0;0.41;443;403;-8.339;631;0.0;111;0.0322;Let It Be;28.0;Let It Be;You Know My Name (Look Up the Number);RIAA 2xPlatinum;Rock, Gospel, Pop/Rock;Album Rock, Contemporary Pop/Rock, Early Pop/Rock, Rock & Roll, Singer/Songwriter;Comfort, Reflection, Christmas, In Love, Joy, Lifecycle, Nature, Religion, Starting Out
spotify:track:3eSgAvKnHbQNLdkVY7eagU;Like Dreamers Do;1962;Anthology 1;38.0;155.0;9.0;1.0;156.529;4.0;848;0.53;647;-7.035;264;0.0;156;0.0517;Anthology 1;;;;;Rock, Merseybeat, Pop/Rock;;
spotify:track:0KogQrSowDnZoU8GSpaxkj;Little Child;1963;With the Beatles;46.0;108.0;9.0;1.0;75.596;4.0;886;526;858;-8.533;292;1;353;0.0476;UK: With the Beatles US: Meet The Beatles!;10.0;;;;Rock and Roll, Pop/Rock;British Invasion, Contemporary Pop/Rock, Early Pop/Rock, Merseybeat, Rock & Roll;
spotify:track:1wSZ0SwBymmDV96CtlGl9o;Lonesome Tears in My Eyes;1963;Live at the BBC;28.0;156.0;4.0;1.0;161.701;4.0;963;579;481;-12.618;0.46;0.0459;0.0741;0.0398;Live at the BBC;;;;;Pop/Rock;British Invasion, Merseybeat, Contemporary Pop/Rock, Early Pop/Rock;Feeling Blue, Heartache, Regret
spotify:track:7ds98B8y5BQltzC60Gdkri;Long Tall Sally;1964;Past Masters (Vols. 1 & 2 / Remastered);44.0;130.0;0.0;1.0;172.467;4.0;917;383;0.77;-7.096;209;0.00432;0.13;0.0487;UK: Rock 'n' Roll Music US: The Beatles Second Album;35.0;;;;Rock and Roll, Pop/Rock;British Invasion, Contemporary Pop/Rock, Merseybeat, AM Pop;
spotify:track:40d2EcaOOCUjDzzo2YvUWn;Long, Long, Long;1968;The Beatles;52.0;184.0;5.0;1.0;104.837;3.0;163;349;129;-15.883;539;405;192;0.0294;The Beatles;6.0;;;;Psychedelic Folk, Pop/Rock;Contemporary Pop/Rock, Early Pop/Rock, Album Rock;Introspection, Late Night, Rainy Day, Small Gathering
spotify:track:2yRHcIxk1tQp2Yb4CiCnxT;Los Paranoias - Studio Jam;;The Beatles;27.0;238.0;0.0;1.0;163.524;4.0;914;609;523;-11.71;277;0.0175;194;304;;;;;;;;
spotify:track:3VbGCXWRiouAq8VyMYN2MI;Love Me Do;1962;Please Please Me;71.0;142.0;0.0;1.0;147.997;4.0;744;0.52;829;-6.228;386;6.2e-05;227;0.0806;UK: Please Please Me US: The Early Beatles;56.0;Love Me Do;P.S. I Love You;RIAA Platinum;Merseybeat, R&B, Pop/Rock;British Invasion, Early Pop/Rock, Merseybeat, Contemporary Pop/Rock, Rock & Roll;Feeling Blue, Heartache
spotify:track:4RdJFhfLQcezwN5LsXl4qP;Love You to;1966;Revolver;53.0;181.0;5.0;1.0;123.986;4.0;707;391;593;-8.999;0.7;0.000249;0.0829;0.0413;Revolver;8.0;;;;Indian Music, Raga Rock;British Psychedelia, Psychedelic/Garage, British Invasion, Contemporary Pop/Rock;
spotify:track:6h9W5FxX4E9lUFsyq8j1AD;Lovely Rita;1967;Sgt. Pepper's Lonely Hearts Club Band;56.0;162.0;8.0;0.0;87.379;4.0;0.63;0.61;471;-9.151;0.0634;0.0;118;0.0261;Sgt. Pepper's Lonely Hearts Club Band;6.0;;;;Psychedelic Folk, Music Hall, Pop/Rock;British Psychedelia, Contemporary Pop/Rock, Early Pop/Rock, Psychedelic/Garage, Rock & Roll;Day Driving, Hanging Out, Mischievous, Playful, Spring, Summer, The Creative Side
spotify:track:2s4VuwtM6GII3MI3AOjJal;Lucille;1963;Live at the BBC;27.0;110.0;5.0;1.0;142.527;4.0;0.97;629;651;-10.471;397;0.0;293;0.0306;Live at the BBC;;;;;Rock and Roll, Pop/Rock;British Invasion, Merseybeat, Contemporary Pop/Rock, Early Pop/Rock;Day Driving, Freedom, Hanging Out
spotify:track:25yQPHgC35WNnnOUqFhgVR;Lucy in the Sky with Diamonds;1967;Sgt. Pepper's Lonely Hearts Club Band;70.0;208.0;2.0;1.0;65.09;1.0;668;311;325;-9.042;0.0469;0.0;139;0.0283;Sgt. Pepper's Lonely Hearts Club Band;5.0;;;;Psychedelic Rock, Pop/Rock;British Psychedelia, Contemporary Pop/Rock, Early Pop/Rock, Psychedelic/Garage, Rock & Roll;The Creative Side
spotify:track:2VsX1BoWSGiuVXGiFSUr6h;Maggie Mae;1969;Let It Be;51.0;40.0;2.0;0.0;169.039;4.0;524;516;515;-12.035;379;0.0;103;215;Let It Be;7.0;;;;Skiffle, Pop/Rock;Alternative/Indie Rock, Britpop, Country-Rock;Biographical, Crime, Money, Reminiscing, Street Life, Violence
spotify:track:0qHMhBZqYb99yhX9BHcIkV;Magical Mystery Tour;1967;Magical Mystery Tour;56.0;171.0;9.0;1.0;170.962;4.0;338;297;613;-9.065;0.0385;3.98e-05;0.0734;0.0931;Magical Mystery Tour;20.0;;;;Psychedelic Rock, Pop/Rock;British Psychedelia, Contemporary Pop/Rock, Early Pop/Rock, Psychedelic/Garage;
spotify:track:2klg8Wvp2iPleYZh7ZIzk5;Mailman, Bring Me No More Blues;1969;Anthology 3;28.0;116.0;9.0;1.0;90.612;4.0;764;735;463;-11.293;0.0923;0.00125;0.0681;0.0298;Anthology 3;;;;;Pop/Rock;Rock & Roll, Blues-Rock, Contemporary Pop/Rock;Drinking, Feeling Blue, Late Night
spotify:track:1swmf4hFMJYRNA8Rq9PVaW;Martha My Dear;1968;The Beatles;56.0;148.0;10.0;1.0;177.624;4.0;824;472;292;-11.591;872;0.0007;128;0.0321;The Beatles;6.0;;;;Music Hall, Pop/Rock;Baroque Pop, Contemporary Pop/Rock, Early Pop/Rock;Affection/Fondness
spotify:track:4jXXFZtmxoYU15WKTIiYrE;Matchbox;1964;Past Masters (Vols. 1 & 2 / Remastered);37.0;117.0;2.0;1.0;160.07;4.0;963;344;796;-7.729;428;2.63e-06;332;0.0407;UK: Rock 'n' Roll Music US: Something New;24.0;Matchbox;Slow Down;;Rock and roll, Rockabilly, Pop/Rock;British Invasion, Merseybeat, Contemporary Pop/Rock, Early Pop/Rock;Cool & Cocky, Guys Night Out, Summer
spotify:track:2S8xyNRJX1XQdo3qnTuovI;Maxwell's Silver Hammer;1969;Abbey Road;61.0;207.0;2.0;1.0;131.12;4.0;726;764;426;-11.045;629;0.000119;132;0.0405;Abbey Road;8.0;;;;Rock, Music Hall, Pop/Rock;Album Rock, Contemporary Pop/Rock, Early Pop/Rock, Prog-Rock;
spotify:track:4JOyMhad5dD81uGYLGgKrS;Mean Mr. Mustard;1969;Abbey Road;58.0;66.0;4.0;1.0;100.687;4.0;0.97;676;596;-9.107;0.0699;1.96e-05;351;0.0272;Abbey Road;6.0;;;;Pop/Rock;Album Rock, Contemporary Pop/Rock, Hard Rock, Prog-Rock, Rock & Roll, Early Pop/Rock;
spotify:track:1DkUmd3seTv3HZ3kfNgtxK;Memphis, Tennessee;1963;Live at the BBC;22.0;136.0;11.0;1.0;98.125;4.0;703;757;303;-11.923;231;152;109;0.0461;Live at the BBC;;;;;R&B, Rock and Roll, Pop/Rock;British Invasion, Merseybeat, Contemporary Pop/Rock, Early Pop/Rock;Affection/Fondness, Reminiscing, Reunion
spotify:track:5By7Pzgl6TMuVJG168VWzS;Michelle;1965;Rubber Soul;70.0;160.0;5.0;0.0;117.403;4.0;666;578;0.29;-12.501;652;0.0;105;0.0341;Rubber Soul;19.0;Michelle;Girl;;Pop/Rock;British Invasion, Contemporary Pop/Rock, Early Pop/Rock;In Love
spotify:track:40qXGg5nRbcWzcFb26KWkQ;Misery;1963;Please Please Me;54.0;107.0;0.0;1.0;133.348;4.0;882;591;605;-10.925;707;0.0;309;0.0413;UK: Please Please Me US: Rarities;23.0;Misery; Roll Over Beethoven;Ask Me Why; Misery;;Pop/Rock;British Invasion, Early Pop/Rock, Merseybeat, Contemporary Pop/Rock, Rock & Roll;Feeling Blue, Heartache
spotify:track:3zw4FTrVNfy2teEkV9FOvh;Money (That's What I Want);1963;With the Beatles;51.0;167.0;11.0;0.0;128.816;1.0;923;545;853;-8.369;425;0.0;266;0.0394;UK: With the Beatles US: The Beatles Second Album;24.0;;;;Pop/Rock;British Invasion, Contemporary Pop/Rock, Early Pop/Rock, Merseybeat, Rock & Roll;
spotify:track:2nBKT7OYXtN4XwT8ajCrfc;Moonlight Bay;1963;Anthology 1;25.0;50.0;9.0;0.0;112.227;3.0;205;297;983;-7.111;828;0.000927;807;136;Anthology 1;;;;;Pop/Rock;;
spotify:track:6TjUg1cTUzWHbal6yQAi7c;Mother Nature's Son;1968;The Beatles;57.0;168.0;2.0;1.0;84.78;4.0;401;608;178;-17.109;634;352;166;0.0264;The Beatles;10.0;;;;Folk, Pop/Rock;Contemporary Pop/Rock, Early Pop/Rock, Singer/Songwriter, Folk-Rock, Psychedelic/Garage;The Great Outdoors, Reflection, Relaxation
spotify:track:6pPOkr2OxhQ6htrzOiDmq9;Mr. Moonlight;1964;Beatles for Sale;48.0;155.0;6.0;1.0;126.127;5.0;589;631;424;-9.106;796;0.000143;118;0.0438;UK: Beatles for Sale US: Beatles '65;17.0;;;;Folk Rock, Pop/Rock;British Invasion, Contemporary Pop/Rock, Rock & Roll;
spotify:track:2jlGyLNsfSRdcTynI1D08K;My Bonnie;1961;Anthology 1;35.0;162.0;0.0;1.0;88.642;4.0;648;376;787;-8.567;591;0.0;104;0.0401;Anthology 1;13.0;My Bonnie;The Saints;;Rock and Roll, Pop/Rock;British Invasion, British Psychedelia, Early Pop/Rock, Merseybeat, Psychedelic/Garage, Rock & Roll, Folk-Rock;Affection/Fondness, Playful, Summer, Family Gatherings
spotify:track:4ltC6PrqkTtpcRNi5lvS4z;No Reply;1964;Beatles for Sale;55.0;135.0;0.0;1.0;124.251;4.0;869;718;593;-9.976;0.67;0.0;172;0.0377;UK: Beatles for Sale US: Beatles '65;15.0;No Reply;Rock and Roll Music;;Folk Rock, Pop/Rock;British Invasion, Contemporary Pop/Rock, Early Pop/Rock, Rock & Roll, Folk-Rock, Psychedelic/Garage;Breakup, Feeling Blue, Heartache, Jealousy, Introspection
spotify:track:1H7gMYGykdtwZOV6s1N0by;Norwegian Wood (This Bird Has Flown);1965;Rubber Soul;75.0;125.0;4.0;1.0;176.625;3.0;0.65;425;369;-11.876;183;0.00126;112;0.0379;Rubber Soul;18.0;;;;Folk Rock, Raga Rock, Pop/Rock;British Invasion, Contemporary Pop/Rock, Early Pop/Rock, Singer/Songwriter;Feeling Blue, Introspection, Reflection, Regret, Late Night
spotify:track:39QrPQjBJKKw3KPy6sUrCM;Not Guilty;1968;Anthology 3;33.0;202.0;9.0;1.0;117.219;4.0;621;0.47;635;-7.942;0.0348;0.00149;786;0.0989;Anthology 3;;;;;Jazz-Pop, Pop/Rock;British Psychedelia, Contemporary Pop/Rock, Psychedelic/Garage, Singer/Songwriter, Album Rock;Breakup, Introspection, Late Night, Rainy Day, Reflection, Summer
spotify:track:5vl0sRtrQM1BTSAxQZFqEN;Not a Second Time;1963;With the Beatles;48.0;128.0;7.0;1.0;124.848;4.0;961;471;817;-9.999;213;0.0;498;0.0372;UK: With the Beatles US: Meet The Beatles!;9.0;;;;Rock, Pop/Rock;British Invasion, Contemporary Pop/Rock, Early Pop/Rock, Merseybeat, Rock & Roll;
spotify:track:5YrqrCg9WqPyhvIGlpaOst;Nothin' Shakin' (But the Leaves on the Trees);1963;Live at the BBC;27.0;180.0;9.0;1.0;117.032;4.0;979;761;614;-11.97;0.52;0.0;179;0.0374;Live at the BBC;;;;;Pop/Rock;British Invasion, Merseybeat, Contemporary Pop/Rock, Early Pop/Rock;Day Driving, Hanging Out, Summer
spotify:track:5SUlhldQJtOhUr2GzH5RI7;Nowhere Man;1965;Rubber Soul;67.0;164.0;4.0;1.0;121.402;4.0;687;534;624;-9.589;0.00797;0.0;128;0.0462;UK: Rubber Soul US: Yesterday and Today;23.0;Nowhere Man;What Goes On;RIAA Gold;Folk Rock, Pop/Rock;British Invasion, Contemporary Pop/Rock, Early Pop/Rock, Folk-Rock, Psychedelic/Garage;Introspection
spotify:track:1gFNm7cXfG1vSMcxPpSxec;Ob-la-di, Ob-la-da;1968;The Beatles;74.0;187.0;10.0;1.0;113.059;4.0;975;818;728;-8.331;232;0.0642;251;0.0314;The Beatles;16.0;Ob-La-Di, Ob-La-Da; Ob-La-Di, Ob-La-Da;While My Guitar Gently Weeps; Julia;;Ska, Pop/Rock;Contemporary Pop/Rock, Early Pop/Rock, Rock & Roll;
spotify:track:0suLngfo7rJoetk7Ub6N8l;Octopus's Garden;1969;Abbey Road;68.0;168.0;1.0;0.0;92.225;4.0;0.73;626;512;-9.15;155;4.65e-05;215;0.0247;Abbey Road;10.0;;;;Rock, Pop/Rock;Album Rock, Contemporary Pop/Rock, Early Pop/Rock, Rock & Roll;At the Beach, Birthday, Family Gatherings
spotify:track:2mxByJWOajjiVsLWjNXvDJ;Oh! Darling;1969;Abbey Road;69.0;206.0;4.0;1.0;173.93;3.0;549;422;656;-8.412;0.0126;0.0279;268;0.0397;Abbey Road;9.0;;;;Swamp Pop, Hard Rock, Pop/Rock;Album Rock, Contemporary Pop/Rock, Early Pop/Rock, Hard Rock, Rock & Roll;
spotify:track:7vMCInGW1N1uTFC1LoklEM;Old Brown Shoe;1969;Past Masters (Vols. 1 & 2 / Remastered);38.0;196.0;1.0;1.0;142.849;4.0;396;529;781;-9.662;0.00171;0.000864;179;0.0933;UK: 1967-1970 US: Hey Jude;13.0;The Ballad of John and Yoko;Old Brown Shoe;RIAA Gold;Blues Rock, Pop/Rock;Album Rock, Contemporary Pop/Rock, Early Pop/Rock, Rock & Roll, Singer/Songwriter;
spotify:track:50qHmeex1nPTyQTwBXjSE4;One After 909;1969;Let It Be;51.0;172.0;4.0;1.0;90.95;4.0;888;554;828;-6.435;0.0307;0.0;907;0.0739;Let It Be;17.0;;;;Roots Rock, Pop/Rock;Album Rock, Contemporary Pop/Rock, Early Pop/Rock, Rock & Roll;Biographical, In Love, Relationships, Reminiscing, Starting Out, Travel
spotify:track:4phXWLTSlC1BEogSWhJMDD;Only a Northern Song;1967;Yellow Submarine;43.0;207.0;9.0;1.0;209.242;4.0;801;175;731;-8.341;0.000341;0.000751;0.0846;0.0705;Yellow Submarine;9.0;;;;Psychedelic Rock, Pop/Rock;British Psychedelia, Contemporary Pop/Rock, Early Pop/Rock, Psychedelic/Garage;
spotify:track:76ncj5k8RGPo49wEyDzrb6;Ooh! My Soul;1963;Live at the BBC;24.0;98.0;4.0;1.0;96.721;4.0;653;576;0.89;-10.231;571;3.18e-05;848;0.0484;Live at the BBC;;;;;Pop/Rock;British Invasion, Merseybeat, Contemporary Pop/Rock, Early Pop/Rock;Cool & Cocky, Guys Night Out, Partying, Sex
spotify:track:7Msq9qojB7yORuJvz49iUy;P.S. I Love You;1962;Please Please Me;54.0;126.0;2.0;1.0;134.435;4.0;0.77;635;656;-8.5;389;0.00127;0.0828;0.0291;UK: Please Please Me US: The Early Beatles;30.0;Love Me Do;P.S. I Love You;RIAA Platinum;Merseybeat, Pop/Rock;British Invasion, Early Pop/Rock, Merseybeat, Contemporary Pop/Rock, Rock & Roll;Affection/Fondness, Heartache
spotify:track:4401c08DdNwwGEg8WGCkQf;Paperback Writer;1966;Past Masters (Vols. 1 & 2 / Remastered);40.0;138.0;7.0;1.0;157.251;4.0;727;0.49;724;-8.109;189;3.01e-06;691;0.0827;UK: A Collection of Beatles Oldies US: Hey Jude;27.0;Paperback Writer;Rain;RIAA Gold;Hard Rock, Power Pop, Psychedelic Rock, Pop/Rock;British Invasion, Contemporary Pop/Rock, Early Pop/Rock, Rock & Roll;
spotify:track:1h04XMpzGzmAudoI6VHBgA;Penny Lane;1966;Magical Mystery Tour;67.0;183.0;9.0;1.0;113.038;4.0;0.49;651;488;-8.22;212;26;136;0.0316;Magical Mystery Tour;22.0;Penny Lane;Strawberry Fields Forever;RIAA Gold;Progressive Pop, Baroque Pop, Psychedelic Pop, Psychedelic Rock, Pop/Rock;British Psychedelia, Contemporary Pop/Rock, Early Pop/Rock, Psychedelic/Garage;Reflection, Reminiscing, Summer
spotify:track:4ZmjfLdJXbqjAENqk7eWSE;Piggies;1968;The Beatles;52.0;124.0;8.0;1.0;93.245;4.0;0.52;542;445;-9.105;643;0.0;516;0.0303;The Beatles;9.0;;;;Baroque Pop, Folk, Pop/Rock;Baroque Pop, Contemporary Pop/Rock, Early Pop/Rock, British Psychedelia, Psychedelic/Garage;
spotify:track:6wfK1R6FoLpmUA9lk5ll4T;Please Mr. Postman;1963;With the Beatles;58.0;156.0;9.0;1.0;122.546;4.0;961;552;644;-9.129;675;0.0;0.36;0.0372;UK: With the Beatles US: The Beatles Second Album;19.0;Roll Over Beethoven;Please Mr. Postman;;Rock and Roll, Pop/Rock;British Invasion, Contemporary Pop/Rock, Early Pop/Rock, Merseybeat, Rock & Roll;
spotify:track:6EHuOufBeL6vk3TvVJB5qo;Please Please Me;1962;Please Please Me;61.0;120.0;4.0;1.0;139.388;4.0;706;527;0.48;-9.61;334;0.0;0.0702;28;UK: Please Please Me US: The Early Beatles;35.0;Please Please Me; Please Please Me;Ask Me Why; From Me to You;RIAA Platinum;Merseybeat, Rock and Roll, Pop/Rock;British Invasion, Early Pop/Rock, Merseybeat, Contemporary Pop/Rock, Rock & Roll;
spotify:track:1FTCA6wQwulQFokDddKE68;Polythene Pam;1969;Abbey Road;57.0;72.0;11.0;0.0;166.829;4.0;499;474;939;-8.884;0.00472;674;0.19;199;Abbey Road;8.0;;;;Pop/Rock;Album Rock, Contemporary Pop/Roc,k, Early Pop/Rock, Hard Rock, Rock & Roll, Prog-Rock;
spotify:track:48TNLcToLs8DWkdj5vYdiW;Rain;1966;Past Masters (Vols. 1 & 2 / Remastered);52.0;179.0;0.0;1.0;106.933;4.0;541;234;693;-8.277;2.82e-05;899;442;0.0408;UK: Rarities US: Hey Jude;15.0;Paperback Writer;Rain;RIAA Gold;Psychedelic Rock, Pop/Rock;British Invasion, Contemporary Pop/Rock, Early Pop/Rock, Rock & Roll;Rainy Day, Stay in Bed, The Creative Side
spotify:track:5frMgt4jqRGJk3yMKfqOyl;Real Love;1980/1995;Anthology 2;53.0;236.0;8.0;1.0;175.726;4.0;405;375;694;-7.334;0.0458;19;257;31;Anthology 2;2.0;Real Love;Baby's in Black;RIAA Gold;Rock, Pop/Rock;;In Love
spotify:track:4qh4lu4xf4r3ZkBoyeajuc;Revolution;1968;Past Masters (Vols. 1 & 2 / Remastered);41.0;201.0;1.0;1.0;121.054;4.0;708;417;825;-9.539;0.0888;0.000358;0.23;176;UK: 1967-1970 US: Hey Jude;23.0;Hey Jude;Revolution;RIAA 4xPlatinum;Hard rock, Pop/Rock;Contemporary Pop/Rock, Early Pop/Rock, Rock & Roll, Hard Rock;Revolutionary, Lifecycle, Politics/Society, Protest, Starting Out
spotify:track:1aOzDhi5a1RWWRy5dmYA8I;Revolution 1;1968;The Beatles;52.0;201.0;9.0;1.0;98.425;4.0;695;386;626;-9.451;0.0785;0.00164;621;0.0377;The Beatles;7.0;;;;Hard rock, Pop/Rock;Contemporary Pop/Rock, Early Pop/Rock, Rock & Roll, Hard Rock;Revolutionary, Lifecycle, Politics/Society, Protest, Starting Out
spotify:track:5dZ8PeKKZJLIQAWNTdp8WX;Revolution 9;1968;The Beatles;47.0;502.0;2.0;0.0;91.158;4.0;101;208;615;-15.297;769;118;824;342;The Beatles;7.0;;;;Avant-Garde, Musique Concrete, Experimental, Sound Collage, Pop/Rock;Alternative/Indie Rock, Experimental Rock, Sound Collage, British Psychedelia, Psychedelic/Garage;
spotify:track:3WsKGwKa7PueKpMxGYAtIA;Rip It Up / Shake, Rattle, and Roll / Blue Suede Shoes;1969;Anthology 3;29.0;191.0;9.0;1.0;156.215;4.0;726;395;841;-7.328;0.0691;7.12e-05;129;191;Anthology 3;;;;;Rock and Roll, Pop/Rock;Rock & Roll, Contemporary Pop/Rock;Guys Night Out, Hanging Out, Partying, TGIF
spotify:track:7Ho3T7ERfooiAfvODaMQ2N;Rock and Roll Music;1964;Beatles for Sale;55.0;150.0;9.0;1.0;167.092;4.0;965;457;917;-6.213;566;0.0;333;0.0441;UK: Beatles for Sale US: Beatles '65;25.0;Rock and Roll Music; No Reply;I'm a Loser; Rock and Roll Music;;Rock and Roll, Pop/Rock;British Invasion, Contemporary Pop/Rock, Rock & Roll;Hanging Out, Partying
spotify:track:1ITQbrueGLl581a25XXm9c;Rocky Raccoon;1968;The Beatles;61.0;213.0;7.0;1.0;79.456;4.0;648;599;363;-11.728;333;0.0;243;0.0315;The Beatles;9.0;;;;Country, Folk Rock, Pop/Rock;Contemporary Pop/Rock, Early Pop/Rock, Rock & Roll, Folk-Rock, Psychedelic/Garage, Singer/Songwriter;
spotify:track:3idqWaBn3mRdsIodCU6uBi;Roll Over Beethoven;1963;With the Beatles;56.0;168.0;2.0;1.0;160.673;4.0;967;351;749;-9.435;289;0.0;0.0952;0.0628;UK: With the Beatles US: The Beatles Second Album;31.0;Roll Over Beethoven; Roll Over Beethoven;Please Mr. Postman; Misery;;Rock and Roll, Pop/Rock;British Invasion, Merseybeat, Contemporary Pop/Rock, Early Pop/Rock;Celebration, Hanging Out, Partying
spotify:track:4gUYV3ktbaOeAK5KrXMWV5;Run for Your Life;1965;Rubber Soul;55.0;138.0;2.0;1.0;176.732;4.0;822;563;705;-9.232;0.0103;0.0;0.0552;103;Rubber Soul;9.0;;;;Rock, Rock and Roll, Pop/Rock;British Invasion, Contemporary Pop/Rock, Early Pop/Rock, Folk-Rock, Psychedelic/Garage, Rock & Roll;Jealousy
spotify:track:5iyCSUM7zzficwaGo8GIoc;Savoy Truffle;1968;The Beatles;50.0;174.0;11.0;0.0;120.761;4.0;793;623;544;-11.043;0.00814;309;134;0.0536;The Beatles;7.0;;;;Soul, Blues Rock, Hard Rock, Pop/Rock;Contemporary Pop/Rock, Early Pop/Rock, Rock & Roll, Album Rock, British Psychedelia, Psychedelic/Garage;
spotify:track:1I6ayuCPZQ5SHuiEqnyLSB;Searchin';1962;Anthology 1;30.0;180.0;7.0;1.0;150.239;4.0;715;556;713;-6.41;492;0.0;282;0.0613;Anthology 1;;;;;Rock and Roll, Pop/Rock;;
spotify:track:2tBv9tAdqEbLNDi5smSjbg;Sexy Sadie;1968;The Beatles;54.0;195.0;0.0;1.0;75.478;4.0;671;577;624;-9.626;0.33;0.00622;117;0.0285;The Beatles;11.0;;;;Pop/Rock;Contemporary Pop/Rock, Early Pop/Rock, Rock & Roll, Album Rock, British Psychedelia, Psychedelic/Garage;Late Night
spotify:track:4fUKE8EULjQdHF4zb0M8FO;Sgt. Pepper's Lonely Hearts Club Band;1967;Sgt. Pepper's Lonely Hearts Club Band;64.0;119.0;7.0;1.0;95.513;4.0;583;451;673;-9.115;0.0857;0.00225;797;0.0734;Sgt. Pepper's Lonely Hearts Club Band;14.0;Sgt. Pepper's Lonely Hearts Club Band / With a Little Help from My Friends;A Day in the Life;;Psychedelic Rock, Hard Rock, Pop/Rock;British Psychedelia, Contemporary Pop/Rock, Early Pop/Rock, Psychedelic/Garage, Rock & Roll, Hard Rock;
spotify:track:42ocGQCOT0xYtV3f5kJDsD;Sgt. Pepper's Lonely Hearts Club Band (Reprise);1967;Sgt. Pepper's Lonely Hearts Club Band;52.0;80.0;0.0;1.0;118.773;4.0;879;653;889;-8.006;0.0061;589;892;0.0453;Sgt. Pepper's Lonely Hearts Club Band;6.0;;;;Psychedelic Rock, Hard Rock, Pop/Rock;British Psychedelia, Contemporary Pop/Rock, Early Pop/Rock, Psychedelic/Garage, Rock & Roll, Hard Rock;
spotify:track:2jtUGFsqanQ82zqDlhiKIp;She Came in Through the Bathroom Window;1969;Abbey Road;61.0;117.0;2.0;1.0;80.652;4.0;0.69;0.53;0.72;-8.793;0.00376;3.38e-05;314;0.0338;Abbey Road;6.0;;;;Rock, Pop/Rock;Album Rock, Contemporary Pop/Rock, Early Pop/Rock, Hard Rock, Rock & Roll, Prog-Rock;
spotify:track:48JM82SHQTBYkhEYhMaOaa;She Loves You;1963;Past Masters (Vols. 1 & 2 / Remastered);51.0;138.0;7.0;1.0;75.442;4.0;927;391;883;-5.973;264;0.0;157;0.0442;UK: A Collection of Beatles Oldies US: The Beatles Second Album;45.0;She Loves You;I'll Get You;;Rock and Roll, Pop/Rock;Alternative/Indie Rock, Britpop, Contemporary Pop/Rock;In Love, Joy, Teenagers, Yearning
spotify:track:3VSuWxZM6x6V3ig5nYtikL;She Said She Said;1966;Revolver;56.0;157.0;3.0;1.0;106.476;4.0;672;329;678;-7.878;103;168;843;0.0344;Revolver;7.0;;;;Psychedelic Rock, Acid Rock[, Pop/Rock;British Invasion, British Psychedelia, Contemporary Pop/Rock, Early Pop/Rock, Psychedelic/Garage, Rock & Roll;
spotify:track:3PjMtNzwhDHqxoKudm6GvF;She's Leaving Home;1967;Sgt. Pepper's Lonely Hearts Club Band;60.0;215.0;4.0;1.0;127.581;3.0;393;381;214;-11.629;944;0.0;106;0.0337;Sgt. Pepper's Lonely Hearts Club Band;7.0;;;;Baroque Pop, Pop/Rock;Contemporary Pop/Rock, Early Pop/Rock, British Psychedelia, Psychedelic/Garage;Loss/Grief, Reflection, Regret, Heartache
spotify:track:6vsb1bU8oW7iqtjH2GeEaS;She's a Woman;1964;Past Masters (Vols. 1 & 2 / Remastered);45.0;183.0;9.0;1.0;88.628;4.0;961;0.72;513;-9.217;367;0.000364;0.0677;0.0317;UK: Rarities US: Beatles '65;28.0;I Feel Fine;She's a Woman;RIAA Gold;Rock and Roll, R&B, Pop/Rock;British Invasion, Contemporary Pop/Rock, Early Pop/Rock, Rock & Roll;Cool & Cocky
spotify:track:5e5M9lzsVTPsICwCVwhJKL;Shout;1964;Anthology 1;33.0;91.0;8.0;0.0;127.971;4.0;909;342;822;-5.8;103;0.0;105;145;Anthology 1;;;;;Rock and Roll, Gospel, Pop/Rock;Contemporary Pop/Rock, Early Pop/Rock, Rock & Roll;Celebration
spotify:track:2x7vw79tKsW99s8sbyuvPM;Slow Down;1964;Rock 'n' Roll Music;39.0;175.0;0.0;1.0;168.618;4.0;839;494;799;-7.327;707;4.64e-06;314;0.0628;UK: Rock 'n' Roll Music US: Something New;21.0;Matchbox;Slow Down;;Rock and Roll, Pop/Rock;British Invasion, Contemporary Pop/Rock, Early Pop/Rock, Merseybeat, Rock & Roll;
spotify:track:6tVFuB5HzRLUlLOSgT3enU;So How Come (No One Loves Me);1963;Live at the BBC;25.0;115.0;7.0;1.0;140.473;4.0;965;494;653;-11.741;0.26;0.0;0.0459;0.0327;Live at the BBC;;;;;Pop/Rock;British Invasion, Merseybeat, Contemporary Pop/Rock, Early Pop/Rock;Feeling Blue, Heartache, Introspection
spotify:track:1QnLZL2cCxNUCdWgo3AYR1;Soldier of Love (Lay Down Your Arms);1963;Live at the BBC;39.0;119.0;5.0;1.0;123.777;4.0;969;742;413;-11.965;319;2.62e-06;305;0.04;Live at the BBC;;;;;R&B, Pop/Rock;British Invasion, Merseybeat, Contemporary Pop/Rock, Early Pop/Rock;Affection/Fondness, Hanging Out, New Love
spotify:track:3tBJOP6rkrMciM74yAscpw;Some Other Guy;1963;Live at the BBC;35.0;121.0;2.0;1.0;94.578;4.0;895;451;809;-10.967;0.00388;442;139;0.0425;Live at the BBC;;;;;Rock and Roll, Pop/Rock;British Invasion, Merseybeat, Contemporary Pop/Rock, Early Pop/Rock;Breakup, Guys Night Out, Jealousy, Late Night
spotify:track:0pNeVovbiZHkulpGeOx1Gj;Something;1969;Abbey Road;76.0;179.0;0.0;1.0;133.522;4.0;377;396;338;-10.872;198;2.62e-06;138;0.0304;Abbey Road;16.0;Something;Come Together;RIAA 2xPlatinum;Rock, Pop/Rock;Contemporary Pop/Rock, Early Pop/Rock;Anniversary, In Love, New Love, Romantic Evening
spotify:track:3LhwP2LcoiaIxMxRnU6zez;Sour Milk Sea - Esher Demo;1968;;31.0;224.0;7.0;1.0;127.317;4.0;402;662;392;-9.967;0.86;8.4e-06;378;0.0509;;;;;;Hard Rock, Psychedelic Rock, Pop/Rock;;
spotify:track:1e6CxoqLmVADMyDW72cppZ;Step Inside Love / Los Paranoias;1968;Anthology 3;28.0;151.0;7.0;1.0;132.19;1.0;749;644;319;-12.381;562;7.73e-05;261;154;Anthology 3;;;;;Folk Rock, Pop/Rock;Contemporary Pop/Rock, Singer/Songwriter, Soft Rock;Affection/Fondness, Comfort, In Love, New Love, Relaxation
spotify:track:3Am0IbOxmvlSXro7N5iSfZ;Strawberry Fields Forever;1966;Magical Mystery Tour;71.0;245.0;10.0;1.0;97.871;4.0;289;0.39;502;-12.277;336;0.000138;0.0713;178;Magical Mystery Tour;20.0;Penny Lane;Strawberry Fields Forever;RIAA Gold;Psychedelic Rock, Art Pop, Psychedelic Pop, Pop/Rock;British Psychedelia, Contemporary Pop/Rock, Early Pop/Rock, Prog-Rock, Psychedelic/Garage;Summer
spotify:track:4nwKdZID1ht0lDBJ5h2p87;Sun King;1969;Abbey Road;59.0;146.0;2.0;1.0;74.994;4.0;192;483;177;-17.629;284;499;116;0.0277;Abbey Road;6.0;;;;Art Pop, Pop/Rock;Album Rock, Contemporary Pop/Rock, Early Pop/Rock, British Psychedelia, Prog-Rock, Psychedelic/Garage;
spotify:track:1HfRcPdQoV3Qrzvj5sTv43;Sure to Fall (In Love with You);1963;Live at the BBC;23.0;141.0;9.0;1.0;117.334;4.0;723;662;336;-10.685;0.78;0.00123;177;0.0294;Live at the BBC;;;;;Pop/Rock;British Invasion, Merseybeat, Contemporary Pop/Rock, Early Pop/Rock;Affection/Fondness, In Love, New Love
spotify:track:2x1GxtalXb3xo13T76UFxz;Sweet Little Sixteen;1963;Live at the BBC;29.0;141.0;4.0;1.0;169.477;4.0;975;491;637;-10.923;403;0.0;71;0.0437;Live at the BBC;;;;;Rock and Roll, Pop/Rock;British Invasion, Merseybeat, Contemporary Pop/Rock, Early Pop/Rock;Celebration, Hanging Out, Partying
spotify:track:4BRkPBUxOYffM2QXVlq7aC;Taxman;1966;Revolver;60.0;159.0;7.0;1.0;133.586;4.0;783;469;596;-8.348;0.0101;0.0;321;0.0749;Revolver;10.0;;;;Rock, Hard Rock, Psychedelic Rock, Pop/Rock;British Invasion, Contemporary Pop/Rock, Early Pop/Rock, Rock & Roll;
spotify:track:1MrvutXz2Ba0elf4OmZA8z;Teddy Boy;1969;Anthology 3;28.0;198.0;2.0;1.0;73.872;4.0;766;678;434;-11.51;494;0.0;175;104;Anthology 3;;;;;Folk Rock, Pop/Rock;Contemporary Pop/Rock, Singer/Songwriter;Comfort, Hanging Out, Relaxation, Sunday Afternoon
spotify:track:2jnr9KaaMAmvk0zMcM9UzV;Tell Me What You See;1965;Help!;49.0;156.0;7.0;1.0;136.675;4.0;0.7;592;796;-8.125;61;0.0;131;0.0429;UK: Help! US: Beatles VI;10.0;;;;Rock, Pop/Rock;British Invasion, Contemporary Pop/Rock, Early Pop/Rock, Rock & Roll, Folk-Rock, Psychedelic/Garage;In Love
spotify:track:0Wzp5pWPoX0YoBg002HXL9;Tell Me Why;1964;A Hard Day's Night;52.0;130.0;11.0;0.0;150.942;3.0;797;267;688;-6.309;586;0.0;307;0.0388;UK: A Hard Day's Night US: Something New;15.0;If I Fell;Tell Me Why;;Rock and Roll, Pop/Rock;British Invasion, Contemporary Pop/Rock, Early Pop/Rock, Merseybeat, Rock & Roll, Adult Contemporary, Alternative/Indie Rock, Britpop;Heartache, In Love, Lying, Pain, Relationships
spotify:track:3k6zSunlStXxWF0s1063lk;Thank You Girl;1963;Past Masters (Vols. 1 & 2 / Remastered);41.0;121.0;2.0;1.0;137.717;4.0;972;553;0.71;-10.492;449;1.19e-06;0.0989;0.0314;UK: Rarities US: The Beatles Second Album;21.0;From Me to You; Do You Want to Know a Secret?;Thank You Girl; Thank You Girl;;Merseybeat, Pop/Rock;British Invasion, Contemporary Pop/Rock, Early Pop/Rock, Merseybeat, Rock & Roll;In Love
spotify:track:5845nYfGBbBomqEnf7pC7Q;That Means a Lot;1965;Anthology 2;34.0;146.0;9.0;1.0;124.225;4.0;523;433;813;-7.096;0.00446;0.00015;0.0546;0.0432;Anthology 2;;;;;Rock, Pop/Rock;British Invasion, Contemporary Pop/Rock, Early Pop/Rock, Merseybeat;In Love, Awareness, Celebrities, Lying, Passion, Wisdom
spotify:track:5AxDzt8VmHreQaDatK6TD4;That'll Be the Day;1958;Anthology 1;36.0;128.0;9.0;1.0;134.468;4.0;893;639;484;-7.892;992;0.0;112;0.0469;Anthology 1;;;;;Rock and Roll, Rockabilly, Pop/Rock;;
spotify:track:6zsbf8RSb8YODtTclmMgAb;That's All Right (Mama);1963;Live at the BBC;29.0;176.0;9.0;1.0;104.729;4.0;957;671;657;-9.806;604;573;118;0.03;Live at the BBC;;;;;Rockabilly, Pop/Rock;;
spotify:track:6r7JAngkBzKGDKRUzLgY2U;The Ballad of John and Yoko;1969;Past Masters (Vols. 1 & 2 / Remastered);40.0;179.0;4.0;1.0;135.183;4.0;938;656;865;-8.241;0.00561;0.000104;0.0853;0.0311;UK: 1967-1970 US: Hey Jude;14.0;The Ballad of John and Yoko;Old Brown Shoe;RIAA Gold;Rock and Roll, Pop/Rock;;
spotify:track:5Z3Rd1fMcaty8g5Pn7yhBQ;The Continuing Story of Bungalow Bill;1968;The Beatles;54.0;198.0;0.0;1.0;114.816;4.0;648;621;459;-10.414;224;0.0;656;104;The Beatles;8.0;;;;Folk Rock, Pop/Rock;;
spotify:track:5aHHf6jrqDRb1fcBmue2kn;The End;1969;Abbey Road;59.0;140.0;11.0;0.0;123.444;1.0;222;647;487;-10.119;0.00101;285;138;0.0689;Abbey Road;6.0;;;;Hard Rock, Art Rock, Heavy Metal, Pop/Rock;Album Rock, Contemporary Pop/Rock, Early Pop/Rock, Prog-RockHard Rock;
spotify:track:6rHh8urosEFRI67xVa6fzU;The Fool on the Hill;1967;Magical Mystery Tour;60.0;180.0;4.0;0.0;144.184;4.0;0.49;356;0.26;-10.577;913;2.1e-06;105;0.0314;Magical Mystery Tour;15.0;;;;Baroque Pop, Pop/Rock;British Psychedelia, Contemporary Pop/Rock, Early Pop/Rock, Psychedelic/Garage;Introspection
spotify:track:1j8M18rzGenrxvrbHNp8Aj;The Hippy Hippy Shake - Live at the Bbc for pop Go the Beatles / 30th July, 1963;;Live At The BBC;29.0;110.0;2.0;1.0;133.737;4.0;958;541;0.6;-11.599;504;0.0;238;0.0311;Live at the BBC;;;;;Rock & Roll, Pop/Rock;British Invasion, Merseybeat, Contemporary Pop/Rock, Early Pop/Rock;Celebration, Hanging Out, Partying
spotify:track:4nN3sSVDpCqf3TW4tpDBAS;The Honeymoon Song;1963;Live at the BBC;30.0;100.0;4.0;1.0;134.904;4.0;799;728;323;-14.612;0.72;0.0;0.0794;0.0501;Live at the BBC;;;;;Pop/Rock;;
spotify:track:379hxtlY5LvbPQa5LL6dPo;The Inner Light;1968;Past Masters (Vols. 1 & 2 / Remastered);41.0;156.0;8.0;1.0;101.545;3.0;387;304;543;-10.619;751;0.0145;0.0764;34;UK: Rarities US: Rarities;10.0;Lady Madonna;The Inner Light;RIAA Platinum;Indian Music, Raga Rock, Pop/Rock;British Psychedelia, Psychedelic/Garage, Contemporary Pop/Rock;Introspection, Reflection, Solitude
spotify:track:3mlMpmY8oZIBFc39D9zLbh;The Long and Winding Road;1969;Let It Be;68.0;220.0;3.0;1.0;132.282;4.0;392;299;329;-10.096;756;0.0105;0.0559;0.0279;Let It Be;18.0;The Long and Winding Road;For You Blue;RIAA Platinum;Pop/Rock;Contemporary Pop/Rock, Early Pop/Rock, Singer/Songwriter;Prom, In Love, Nature, Reflection, Regret, Reminiscing, Tragedy, Yearning
spotify:track:5xcfepnz1v7a83T8An9gjw;The Night Before;1965;Help!;56.0;153.0;2.0;1.0;84.496;4.0;632;461;762;-6.727;0.0537;0.0;238;0.0379;Help!;13.0;;;;Electronic Pop/Rock;Adult Contemporary, Club/Dance;Goodbyes, In Love, Lying, Reminiscing, Yearning
spotify:track:5ZZWchqd0TY6QwVgKROk50;The Sheik of Araby;1962;Anthology 1;32.0;103.0;0.0;1.0;93.986;4.0;878;608;811;-6.235;564;0.0;145;0.0289;Anthology 1;;;;;Jazz, Pop/Rock;;In Love
spotify:track:4GBaPHvAyj4V2jeobD9tsy;The Word;1965;Rubber Soul;55.0;161.0;0.0;1.0;120.773;4.0;792;0.59;641;-9.687;0.00682;0.0;0.0553;0.0416;Rubber Soul;6.0;;;;Rock, Pop/Rock;British Invasion, Contemporary Pop/Rock, Early Pop/Rock, Rock & Roll;In Love
spotify:track:4dessGxnKXmTbHPhVgqODq;There's a Place;1963;Please Please Me;51.0;109.0;4.0;1.0;140.928;4.0;927;455;582;-10.009;629;4.22e-06;172;0.0292;UK: Please Please Me US: Rarities;24.0;;;;Merseybeat, Rock and Roll, Pop/Rock;British Invasion, Early Pop/Rock, Merseybeat, Contemporary Pop/Rock, Rock & Roll;
spotify:track:0voUr8lubIafUVJlauJxYF;Things We Said Today;1964;A Hard Day's Night;56.0;158.0;2.0;0.0;137.054;4.0;516;551;575;-8.208;239;0.0;112;0.0332;UK: A Hard Day's Night US: Something New;22.0;A Hard Day's Night;Things We Said Today;;Rock, Pop/Rock;British Invasion, Contemporary Pop/Rock, Early Pop/Rock, Merseybeat, Rock & Roll, Adult Contemporary, Alternative/Indie Rock, Britpop;Reminiscing, Awareness, In Love, Motivation, Relationships, Romance
spotify:track:64bKVrkaXQAKx04dLHqCNz;Think for Yourself;1965;Rubber Soul;55.0;138.0;0.0;1.0;130.544;4.0;799;529;567;-9.796;0.0124;0.0;0.0729;0.0282;Rubber Soul;7.0;;;;Pop/Rock;British Invasion, Contemporary Pop/Rock, Early Pop/Rock, Rock & Roll;Breakup
spotify:track:0oQshbv1BFLZ61b1tQ4Eqg;This Boy;1963;Past Masters (Vols. 1 & 2 / Remastered);56.0;133.0;2.0;1.0;110.173;3.0;703;0.66;337;-11.524;213;1.57e-05;142;0.0286;UK: Rarities US: Meet The Beatles!;23.0;I Want to Hold Your Hand; All My Loving;This Boy; This Boy;;Doo Wop, Pop/Rock;British Invasion, Contemporary Pop/Rock, Early Pop/Rock, Merseybeat, Rock & Roll;Feeling Blue, Heartache, Jealousy, Rainy Day, Regret, Reminiscing, Solitude
spotify:track:6xAiyH80RTPPMBZwvWpTEN;Three Cool Cats;1962;Anthology 1;33.0;145.0;4.0;1.0;140.961;4.0;642;546;708;-6.299;79;0.0;372;0.0351;Anthology 1;;;;;R&B, Pop/Rock;;
spotify:track:7CZiDzGVjUssMSOXrDNYHL;Ticket to Ride;1965;Help!;69.0;190.0;9.0;1.0;123.419;4.0;749;519;0.85;-6.777;0.0457;0.0;233;0.0678;Help!;31.0;Ticket to Ride;Yes It Is;;Power Pop, Jangle Pop, Folk Rock, Pop/Rock;British Invasion, Contemporary Pop/Rock, Early Pop/Rock, Rock & Roll, Folk-Rock, Psychedelic/Garage;Breakup, Feeling Blue, Heartache
spotify:track:0ESIjVxnDnCDaTPo6sStHm;Till There Was You;1963;With the Beatles;66.0;136.0;5.0;1.0;122.421;4.0;646;727;338;-13.887;0.79;0.0;105;0.0454;UK: With the Beatles US: Meet The Beatles!;22.0;;;;Pop/Rock;British Invasion, Contemporary Pop/Rock, Early Pop/Rock, Merseybeat, Cast Recordings, Show Tunes;In Love
spotify:track:3PzNwVdR8BNzKCBahvAYOm;To Know Her Is to Love Her;1963;Live at the BBC;35.0;171.0;4.0;1.0;101.253;3.0;456;0.45;0.34;-13.886;777;0.0;0.22;0.0336;Live at the BBC;;;;;Pop/Rock;British Invasion, Merseybeat, Contemporary Pop/Rock, Early Pop/Rock;Affection/Fondness, New Love, Reflection
spotify:track:00oZhqZIQfL9P5CjOP6JsO;Tomorrow Never Knows;1966;Revolver;59.0;178.0;5.0;1.0;125.887;4.0;0.0534;0.38;829;-6.105;8.4e-05;0.00208;342;0.0405;Revolver;14.0;;;;Psychedelic Rock, Hard Rock, Avant-Pop, Experimental Rock, Pop/Rock;British Psychedelia, Contemporary Pop/Rock, Early Pop/Rock, Psychedelic/Garage, Rock & Roll, British Invasion;Revolutionary, Scary Music, Freedom, The Creative Side
spotify:track:2NZ2FttCOXIGSLP7F9EvGW;Too Much Monkey Business;1963;Live at the BBC;30.0;128.0;1.0;0.0;90.715;4.0;965;631;766;-9.194;0.28;1.87e-06;86;0.0601;Live at the BBC;;;;;Rock and Roll, R&B, Pop/Rock;British Invasion, Merseybeat, Contemporary Pop/Rock, Early Pop/Rock;Day Driving, Hanging Out, Small Gathering
spotify:track:5ZBeML7Lf3FMEVviTyvi8l;Twist and Shout;1963;Please Please Me;80.0;125.0;2.0;1.0;124.631;4.0;937;482;849;-9.198;641;7.74e-06;0.0414;0.0452;UK: Please Please Me US: The Early Beatles;44.0;Twist and Shout; Back in the U.S.S.R.;There's a Place; Twist and Shout;RIAA Platinum;Rock and Roll, R&B, Pop/Rock;British Invasion, Contemporary Pop/Rock, Early Pop/Rock, Merseybeat, Rock & Roll;
spotify:track:0CaBBQsaAiRHhiLmzi7ZRp;Two of Us;1969;Let It Be;61.0;213.0;7.0;1.0;109.114;4.0;931;726;702;-10.757;0.0974;3.46e-05;239;32;Let It Be;11.0;;;;Folk Rock, Pop/Rock;Contemporary Pop/Rock, Early Pop/Rock, Singer/Songwriter, Album Rock;Affection/Fondness, Comfort, Long Walk, Biographical, Joy, Relationships, Reminiscing, Romance, Travel
spotify:track:0CGbof9amBnsNlRhZ8IY2H;Wait;1965;Rubber Soul;55.0;136.0;6.0;0.0;127.201;4.0;657;552;487;-10.574;0.0175;0.0;105;0.04;Rubber Soul;8.0;;;;Folk Rock, Pop/Rock;British Invasion, Contemporary Pop/Rock, Early Pop/Rock, Rock & Roll;
spotify:track:7tBAxQ6hD4mhr1sYQhwWDP;We Can Work It Out;1965;Past Masters (Vols. 1 & 2 / Remastered);41.0;135.0;2.0;1.0;106.237;4.0;742;373;597;-10.013;102;0.0;114;0.0273;UK: A Collection of Beatles Oldies US: Yesterday and Today;19.0;We Can Work It Out;Day Tripper;RIAA Gold;Folk Rock, Pop/Rock;British Invasion, Contemporary Pop/Rock, Early Pop/Rock, Rock & Roll;Affection/Fondness, Joy, Lifecycle, Starting Out
spotify:track:19QXdPRZFHI5kNK3tN8Mh7;What Goes on;1965;Rubber Soul;54.0;170.0;4.0;1.0;96.93;4.0;765;0.67;776;-10.035;0.0168;3.01e-06;0.0732;0.0749;UK: Rubber Soul US: Yesterday and Today;9.0;Nowhere Man;What Goes On;RIAA Gold;Country rock, Country, Pop/Rock;British Invasion, Contemporary Pop/Rock, Early Pop/Rock, Rock & Roll, Country-Rock, Bakersfield Sound;
spotify:track:6C6y4OWK1Ki3FVF1TIonxW;What You're Doing;1964;Beatles for Sale;47.0;150.0;2.0;1.0;129.506;4.0;825;695;0.53;-8.309;301;2E-06;0.0583;0.0403;UK: Beatles for Sale US: Beatles VI;8.0;;;;Jangle pop, Pop/Rock;British Invasion, Contemporary Pop/Rock, Early Pop/Rock, Rock & Roll, Merseybeat, Folk-Rock, Psychedelic/Garage;Feeling Blue, Heartache, New Love
spotify:track:1iJVygVSbCRrJimE79PeDz;What's the New Mary Jane;1968;Anthology 3;28.0;372.0;2.0;1.0;83.861;4.0;146;288;436;-12.073;763;0.000502;118;0.0595;Anthology 3;;;;;Psychedelic Rock, Musique Concrete, Experimental Music, Outsider Music, Pop/Rock;British Psychedelia, Psychedelic/Garage;Late Night, Maverick, Mischievous, The Creative Side
spotify:track:4oLQ0imA5IDtNUnhFKY87q;When I Get Home;1964;A Hard Day's Night;47.0;138.0;9.0;0.0;125.375;4.0;0.64;568;793;-6.201;384;0.0;388;0.0482;UK: A Hard Day's Night US: Something New;14.0;;;;Rock and Roll, Pop/Rock;British Invasion, Contemporary Pop/Rock, Early Pop/Rock, Merseybeat, Rock & Roll, Alternative/Indie Rock, Britpop, Club/Dance;In Love, Passion, Relationships, Sex
spotify:track:1NrbnHlR2BFREcyWXHIHip;When I'm Sixty Four;1966;Sgt. Pepper's Lonely Hearts Club Band;68.0;157.0;1.0;1.0;140.411;4.0;661;704;241;-13.258;625;2.8e-05;0.0868;0.0476;Sgt. Pepper's Lonely Hearts Club Band;7.0;;;;Music Hall, Pop/Rock;Contemporary Pop/Rock, Early Pop/Rock, British Psychedelia, Psychedelic/Garage;In Love, Playful
spotify:track:389QX9Q1eUOEZ19vtzzI9O;While My Guitar Gently Weeps;1968;The Beatles;74.0;286.0;4.0;0.0;115.0;4.0;702;453;654;-8.855;0.0205;0.00395;172;0.0317;The Beatles;18.0;Ob-La-Di, Ob-La-Da;While My Guitar Gently Weeps;;Rock, Psychedelic Rock, Blues Rock, Pop/Rock;British Psychedelia, Contemporary Pop/Rock, Early Pop/Rock, Psychedelic/Garage;Feeling Blue, Heartache
spotify:track:4eLIq1nQNwz2qLu8DeiWIp;Why Don't We Do It in the Road?;1968;The Beatles;52.0;102.0;2.0;1.0;187.688;4.0;957;589;522;-8.718;0.53;0.000243;0.0993;0.0521;The Beatles;8.0;;;;Rock, Blues, Pop/Rock;Contemporary Pop/Rock, Early Pop/Rock, Rock & Roll, Hard Rock, Blues-Rock;
spotify:track:6j67aNAPeQ31uw4qw4rpLa;Wild Honey Pie;1968;The Beatles;52.0;52.0;2.0;1.0;89.9;4.0;152;792;763;-11.185;425;627;789;0.0506;The Beatles;7.0;;;;Experimental pop, Lo-Fi, Psychedelic Folk, Pop/Rock;British Psychedelia, Contemporary Pop/Rock, Early Pop/Rock, Psychedelic/Garage;
spotify:track:2RnPATK99oGOZygnD2GTO6;With a Little Help From My Friends;1967;Sgt. Pepper's Lonely Hearts Club Band;69.0;164.0;4.0;1.0;112.035;4.0;803;705;515;-9.343;365;0.0;389;0.0337;Sgt. Pepper's Lonely Hearts Club Band;6.0;Sgt. Pepper's Lonely Hearts Club Band / With a Little Help from My Friends;A Day in the Life;;Pop Rock, Psychedelic Pop, Pop/Rock;Contemporary Pop/Rock, Early Pop/Rock, British Psychedelia, Psychedelic/Garage, Rock & Roll;Affection/Fondness, Comfort
spotify:track:3Umg8CDhO8dOSj7yBTInYb;Within You Without You;1967;Sgt. Pepper's Lonely Hearts Club Band;54.0;305.0;6.0;1.0;126.166;4.0;354;352;479;-9.965;339;0.000353;486;0.0338;Sgt. Pepper's Lonely Hearts Club Band;7.0;;;;Indian Classical, Raga Rock, Pop/Rock;British Psychedelia, Psychedelic/Garage, Contemporary Pop/Rock;Introspection, Reflection, Solitude
spotify:track:42qkSeX6HNJYHxlk6cWoFe;Words of Love;1964;Beatles for Sale;51.0;122.0;9.0;1.0;122.358;4.0;0.85;551;533;-9.8;323;722;173;0.0297;UK: Beatles for Sale US: Beatles VI;16.0;;;;Pop/Rock;British Invasion, Contemporary Pop/Rock, Early Pop/Rock, Rock & Roll;In Love
spotify:track:50xwQXPtfNZFKFeZ0XePWc;Yellow Submarine;1966;Revolver;61.0;158.0;1.0;1.0;111.398;4.0;696;604;549;-9.873;531;0.0;438;0.0389;Revolver;24.0;Yellow Submarine;Eleanor Rigby;RIAA Gold;Children's Music, Folk, Pop/Rock;British Invasion, British Psychedelia, Contemporary Pop/Rock, Early Pop/Rock, Psychedelic Pop, Psychedelic/Garage;Birthday, Family Gatherings, Playful
spotify:track:2AsGApoUuN8pTM17Lq9eUd;Yer Blues;1968;The Beatles;54.0;241.0;9.0;1.0;151.766;3.0;435;327;525;-10.272;0.000875;259;133;0.0475;The Beatles;11.0;;;;Blues Rock, Hard Rock, Pop/Rock;Blues-Rock, British Blues, Contemporary Pop/Rock, Hard Rock, Regional Blues, Rock & Roll, Album Rock;Feeling Blue, Guys Night Out, Late Night
spotify:track:2rQvZscmpb6a7ejDiKprcL;Yes It Is;1965;Past Masters (Vols. 1 & 2 / Remastered);46.0;161.0;4.0;1.0;132.571;4.0;426;414;329;-8.193;638;0.0;114;0.0396;UK: Rarities US: Beatles VI;16.0;Ticket to Ride;Yes It Is;;Pop/Rock;British Invasion, Contemporary Pop/Rock, Early Pop/Rock, Merseybeat, Rock & Roll;Feeling Blue, Heartache, Jealousy, Regret, Reminiscing
spotify:track:3BQHpFgAp4l80e1XslIjNI;Yesterday;1965;Help!;80.0;123.0;5.0;1.0;96.529;4.0;315;332;179;-11.83;879;0.0;0.0886;0.0326;UK: Help! US: Yesterday and Today;33.0;Yesterday;Act Naturally;RIAA Gold;Baroque Pop, Pop/Rock;British Invasion, Contemporary Pop/Rock, Early Pop/Rock, Folk-Rock, Psychedelic/Garage, Singer/Songwriter;Breakup, Feeling Blue, Heartache
spotify:track:5b9G4dtK3Tdguuy9BO3Nwo;You Can't Do That;1964;A Hard Day's Night;51.0;157.0;0.0;1.0;129.161;4.0;961;612;788;-6.251;367;0.0;382;0.0335;UK: A Hard Day's Night US: The Beatles Second Album;25.0;Can't Buy Me Love;You Can't Do That;;Rock and Roll, R&B, Pop/Rock;British Invasion, Contemporary Pop/Rock, Early Pop/Rock, Merseybeat, Rock & Roll, Adult Contemporary, Alternative/Indie Rock, Britpop;Awareness, Goodbyes, In Love, Jealousy, Relationships
spotify:track:2k7gS1tS9OHeS3e8MatzgJ;You Know My Name (Look Up the Number);1967;Past Masters (Vols. 1 & 2 / Remastered);40.0;261.0;2.0;1.0;118.822;4.0;696;672;529;-11.566;647;0.0;147;0.2;UK: Rarities US: Rarities;4.0;Let It Be;You Know My Name (Look Up the Number);RIAA 2xPlatinum;Comedy Rock, Jazz, Experimental Rock, Avant-Garde, Novelty, Pop/Rock;Contemporary Pop/Rock, Early Pop/Rock, Comedy Rock;Mischievous, Playful, In Love, Passion, Starting Out, Yearning
spotify:track:1n8oABN9yti0owTEKcms0q;You Know What to Do;1964;Anthology 1;28.0;119.0;9.0;1.0;82.77;4.0;701;579;463;-6.88;712;0.0;119;0.0345;Anthology 1;;;;;Pop/Rock;;
spotify:track:0y1LLH0NiwOD5tM3aNMXTr;You Like Me Too Much;1965;Help!;50.0;155.0;7.0;1.0;88.316;4.0;899;555;0.57;-7.869;415;0.0;191;0.0302;UK: Help! US: Beatles VI;12.0;;;;Pop/Rock;British Invasion, Contemporary Pop/Rock, Early Pop/Rock;In Love
spotify:track:1jOLTO379yIu9aMnCkpMQl;You Never Give Me Your Money;1969;Abbey Road;60.0;242.0;0.0;1.0;174.464;3.0;223;335;416;-11.051;345;136;116;0.0348;Abbey Road;7.0;;;;Rock, Pop/Rock;Album Rock, Contemporary Pop/Rock, Early Pop/Rock, Prog-Rock, Rock & Roll;The Creative Side
spotify:track:4LLBKnNCrSRrSjSTuiwjE9;You Won't See Me;1965;Rubber Soul;57.0;202.0;9.0;1.0;115.941;4.0;473;488;539;-8.752;136;0.0;0.0538;0.0304;Rubber Soul;11.0;;;;Pop/Rock;British Invasion, Contemporary Pop/Rock, Early Pop/Rock, Rock & Roll;Breakup, Regret
spotify:track:175jiRVJ6N6ayJQ1FXim56;You'll Be Mine;1960;Anthology 1;28.0;99.0;5.0;1.0;89.585;3.0;616;418;524;-7.901;989;936;131;0.0506;Anthology 1;;;;;R&B, Experimental, Pop/Rock;;
spotify:track:70HNt0eoBVqr4ss68U8x3B;You're Going to Lose That Girl;1965;Help!;57.0;140.0;4.0;1.0;131.975;4.0;818;533;0.66;-7.694;346;0.0;0.26;0.0337;Help!;6.0;;;;Rock, Pop/Rock;British Invasion, Contemporary Pop/Rock, Early Pop/Rock, Rock & Roll;
spotify:track:4F1AgKpuFRMLEgtPETVwZk;You've Got to Hide Your Love Away;1965;Help!;73.0;131.0;7.0;1.0;184.267;3.0;378;398;392;-9.05;207;0.0;102;0.0282;Help!;12.0;;;;FolkPop/Rock;British Invasion, Contemporary Pop/Rock, Early Pop/Rock, Folk-Rock, Psychedelic/Garage;Breakup, Feeling Blue, Heartache, Introspection, Jealousy, Loss/Grief, Regret
spotify:track:7rgUYidQh5tH0YlXCoKaYJ;You've Really Got a Hold on Me;1963;With the Beatles;54.0;182.0;9.0;1.0;77.643;4.0;687;373;388;-9.31;525;0.0;267;0.0337;UK: With the Beatles US: The Beatles Second Album;2.0;;;;Soul, Pop/Rock;British Invasion, Contemporary Pop/Rock, Early Pop/Rock, Merseybeat, Rock & Roll;In Love
spotify:track:3FuRBetiFz4ijeLdGCxQ5Y;Young Blood;1963;Live at the BBC;29.0;116.0;2.0;1.0;68.111;4.0;923;474;615;-10.302;697;0.0;926;0.0358;Live at the BBC;;;;;Pop/Rock;British Invasion, Merseybeat, Contemporary Pop/Rock, Early Pop/Rock;Day Driving, Hanging Out, Small Gathering
spotify:track:1dxbAIfCASqv6jix2R1Taj;Your Mother Should Know;1967;Magical Mystery Tour;58.0;149.0;0.0;1.0;117.613;4.0;724;698;293;-11.361;784;0.0106;0.0936;0.0332;Magical Mystery Tour;13.0;;;;Music Hall, Vaudeville Rock, Psychedelic Pop, Pop/Rock;British Psychedelia, Contemporary Pop/Rock, Early Pop/Rock, Psychedelic/Garage;
